13000000000,000000,bearer ca15d4fd-be5d-4ac5-a960-abff870f0ae6,
13000000001,000001,bearer addc2d85-ab05-4ecd-a5f6-14a27cedeffa,
13000000003,000003,bearer dda28e28-4a7b-4a10-83af-b6553afb2e1d,
13000000005,000005,bearer ea7ca7d5-ec21-4109-9e13-8c3aa2153bdd,
13000000004,000004,bearer 3ca39aa4-88fa-4e6e-b82d-998e72ddc1b1,
13000000006,000006,bearer ee2310cc-b0df-47b8-a8f7-31d7a2ae3432,
13000000007,000007,bearer 573ae193-fb98-4c2a-ab2b-4ba712e4e8e9,
13000000010,000010,bearer c11a4d12-4b96-4c13-8137-716a03cee850,
13000000009,000009,bearer 8dc4c100-6129-4965-8e6e-e12a9fc28d2e,
13000000008,000008,bearer 6017d1ae-7e45-4b99-a396-8bad2005e439,
13000000011,000011,bearer 0004a08f-ec8c-4206-8265-934d776702c0,
13000000012,000012,bearer 941e5956-6722-4f84-a19d-3fa77041c810,
13000000013,000013,bearer ed509652-4bee-4d80-adfa-8bf1e2a4f76e,
13000000014,000014,bearer 944ea60c-0789-49e2-9708-669a95e7d520,
13000000015,000015,bearer 6111db28-7c4c-44be-a03c-9613def526a4,
13000000017,000017,bearer bc309b51-7943-4446-a7fc-0b8ba2c5acf9,
13000000018,000018,bearer 1649150b-7604-4255-8036-172535e5ce1e,
13000000016,000016,bearer c6b5d5ad-ac75-479c-aac7-b1dabec17b2c,
13000000019,000019,bearer dc6c35a2-08aa-4232-910b-b6ac26afa1cb,
13000000021,000021,bearer c82fe96d-b489-4aef-83d1-caeb6f39b516,
13000000020,000020,bearer 6cf842a9-ddd6-42b5-ac9d-b98d09204227,
13000000022,000022,bearer cb1ba890-5021-4a11-8389-f8208ee7ddc4,
13000000023,000023,bearer 2b4d26af-91fa-4c4e-bafa-7732d0d1b6e8,
13000000024,000024,bearer 095f03b2-7a2d-4c7e-b3fa-5b267f1da4be,
13000000025,000025,bearer 75561965-c353-4772-b34c-5824a09c60a4,
13000000027,000027,bearer 781004b4-2263-4726-bb32-40cdec562e6a,
13000000026,000026,bearer 6e64dece-dd10-4def-908c-746eecb3d4b2,
13000000028,000028,bearer ee466492-5745-41db-a364-600af376e2c6,
13000000029,000029,bearer 2e0f4d90-0cff-475a-bc1b-826ca1c6cfbb,
13000000030,000030,bearer d5f31a4b-63c1-4381-af83-c8c4caeb7011,
13000000031,000031,bearer 649accaa-58e5-4e01-898b-7509ba7aa78b,
13000000032,000032,bearer 0f2300e8-fb62-46c5-a127-de6fff424a6a,
13000000034,000034,bearer ad7bdc79-ef8d-4fa6-8ae4-83b6ead9e86c,
13000000033,000033,bearer 84e44f47-f243-4b9b-b529-dbf909604a9e,
13000000035,000035,bearer ce50b37d-ae84-43bf-8372-cea9557da585,
13000000036,000036,bearer cabbb539-6866-4b20-8b83-a6f831ce770d,
13000000037,000037,bearer 39c0d943-55bb-467e-982c-f01a9ed23b7f,
13000000038,000038,bearer 1a188549-f426-4800-942c-03f12562a8a0,
13000000039,000039,bearer 74c86ba5-f2a7-4242-b862-300fabe7d598,
13000000041,000041,bearer a1e60ec9-5c83-4f8e-a015-8915bc1abb5a,
13000000040,000040,bearer 36bb4c00-ba8b-4a19-b945-502bcfc71249,
13000000042,000042,bearer 2f393b47-e81d-462e-8dd5-0236303550c8,
13000000044,000044,bearer a567f313-8c63-41d6-b6cf-f65f3e003fba,
13000000043,000043,bearer 305522a4-8fbf-45ae-971e-4dcfe3765cc9,
13000000045,000045,bearer d9cf74b1-9e6d-438c-9cbe-39776ce5aaf9,
13000000046,000046,bearer f819311a-200f-4934-8c22-6532527bfe4c,
13000000047,000047,bearer f9452cd9-003e-4c5a-9a78-48fdede02053,
13000000048,000048,bearer 9952a76e-2036-41a2-a9a6-9876b9496c14,
13000000049,000049,bearer ca1ccb9c-4251-49eb-8022-80cab89ab132,
13000000050,000050,bearer eddd8c8d-54ec-4eb6-bedd-cfd32550eebc,
13000000051,000051,bearer 2e5ffd65-24d3-4408-9cb4-e11f593bf983,
13000000052,000052,bearer 55f4c924-7ce1-4858-bb81-af40e21801da,
13000000053,000053,bearer 24e2a64c-79c1-44fa-9484-52ee63202a98,
13000000054,000054,bearer 71c1d766-dce2-4e5e-8957-64cd76f3cdcf,
13000000055,000055,bearer 3e6b24ac-8d3d-48cc-9ee6-f701b0fb345b,
13000000056,000056,bearer e5b87666-a138-4860-b5a5-2118131c5ac2,
13000000057,000057,bearer adc4c12f-0a81-4fdc-86e6-6185a9624273,
13000000058,000058,bearer 3c23a9b0-a10b-478b-b006-5669d4718f0d,
13000000059,000059,bearer 973d4213-21bf-4c4c-84cd-9dd114ca4530,
13000000061,000061,bearer 2cd4cddb-6443-4bfb-86d0-5bd0b7920d11,
13000000060,000060,bearer ecbf9b60-b2c9-46f8-8202-255e52a9b763,
13000000062,000062,bearer 97d42947-5226-4d22-aa87-daad797e2f81,
13000000064,000064,bearer 59268f8f-74c2-491a-a500-0a134892681d,
13000000065,000065,bearer c2eb0621-cc41-4f0b-9883-db686224f5fa,
13000000066,000066,bearer 3d1217ee-e8e8-494e-b3f4-e820dbeb0b15,
13000000067,000067,bearer b7a36d5d-d4db-4ff3-b6fc-89632cffcea8,
13000000069,000069,bearer 3ddf7728-0071-4eb8-b35e-8254ca270806,
13000000068,000068,bearer 0d18875d-614b-4f34-99d1-5a94a015211c,
13000000063,000063,bearer 136f9396-79ad-4ac4-97c3-2b181784294c,
13000000071,000071,bearer d32f6678-d66b-4eae-87d6-0416ab39eebe,
13000000070,000070,bearer bff08463-2404-4bf4-8618-872f62cfda4c,
13000000072,000072,bearer 554e175a-86a9-4c15-82c6-c350ee2b1e63,
13000000073,000073,bearer 8bfbcaf8-621f-4e24-a9ef-f5ab51211bb0,
13000000074,000074,bearer 794bb076-8660-4824-983b-609a80c8974a,
13000000075,000075,bearer 1349df7e-7fe9-4e63-920e-cf23ab822b39,
13000000076,000076,bearer ac27eae7-c659-4760-965c-258a0917400b,
13000000078,000078,bearer 3ee397b9-4c1e-459f-a45b-449f5b48a564,
13000000077,000077,bearer 2eb86010-c878-46d1-8f06-956491664c33,
13000000079,000079,bearer 3b0d55c3-1b48-4e94-95ef-d53a7ff8253c,
13000000080,000080,bearer 5860e5fa-2c52-420e-8614-87d9be92f3c6,
13000000081,000081,bearer 9b60a945-0ee7-4a68-9a2d-1a39cb0cc7a2,
13000000082,000082,bearer d82531a8-f635-45f8-98d9-5c5e6adf3f69,
13000000083,000083,bearer 20ea667a-ba07-4d1b-acde-c7356fa4a346,
13000000084,000084,bearer c51696f4-9daa-4af5-a0fc-c290af29c7e9,
13000000085,000085,bearer e2503622-f364-41c0-912f-62814ab525ac,
13000000086,000086,bearer ce11200b-721b-4c7b-a08c-f4f423434fc2,
13000000087,000087,bearer d2ecb694-cdbc-4d10-8534-4206e8e3b805,
13000000088,000088,bearer 9b2c0455-544e-4707-9e26-0f78cfd9818a,
13000000089,000089,bearer 590b8222-ede9-4efa-8fdd-a8d73122aac9,
13000000090,000090,bearer 9c86a0c4-19f9-42b4-bfdd-518d81dcd8b9,
13000000091,000091,bearer 71a1f0c0-8f5e-4f5e-a9fe-99bcd015ceff,
13000000092,000092,bearer 9a467ba8-828a-4d38-a5b4-b5b02b3d2411,
13000000093,000093,bearer 1cf07216-5f72-444e-a5be-2971769dd737,
13000000094,000094,bearer c70bbc12-38c4-4cc0-9a1a-4ad4e16e8cc9,
13000000095,000095,bearer 978f0b63-9756-4ff9-967a-a8e3004c8c3b,
13000000096,000096,bearer bea6cd25-3339-4adb-ad6d-801383ab1421,
13000000097,000097,bearer 6b595787-2c24-4b0b-bcdf-9529fd73205b,
13000000098,000098,bearer 405bc31b-893e-4c01-a06f-b92c3ec22492,
13000000099,000099,bearer 4d8c80fe-4bba-4916-b342-64ce36ab0b98,
13000000100,000100,bearer 2f6b5393-f300-4a61-a664-e2f17e5d09e9,
13000000101,000101,bearer eef1a73f-9014-400a-b6e2-c4b16419cd03,
13000000102,000102,bearer 4ebd9dfc-04f4-4491-b8b6-2feeea3708d6,
13000000103,000103,bearer 96f4e8d3-dd12-48d3-81d4-f53dbf3ce5c5,
13000000104,000104,bearer 4969a8f5-f95e-4c62-81ef-00ad0124598a,
13000000105,000105,bearer ad346f7a-b6e1-4053-8807-e9e219492312,
13000000106,000106,bearer 65d4626d-b97e-49b6-b641-91bcb304a0af,
13000000107,000107,bearer cd55fb78-99b2-47de-ad72-8d98375a3638,
13000000108,000108,bearer 7c125815-10be-49bc-811f-e78fa57d185a,
13000000109,000109,bearer bf54a40c-6729-4c81-adcd-433e3625a563,
13000000111,000111,bearer 64a7f9f8-c4e9-4aa3-b924-bdbfac45e5a5,
13000000110,000110,bearer fc41ae62-3fb8-4ebb-a5bc-5b413df22a84,
13000000112,000112,bearer d5e0132f-d976-4c33-8ef4-57d6ef03af99,
13000000113,000113,bearer d7c2d4dc-b39d-4e61-aa64-6c90f231e4a9,
13000000114,000114,bearer 592adb22-198c-44d4-8ab5-a0611474d059,
13000000115,000115,bearer c6e63b34-d996-46fd-90c7-a8f7da5b4763,
13000000116,000116,bearer 328f9d2a-8390-482b-b92f-37528bae82af,
13000000117,000117,bearer dfef54ae-54f8-4fae-b825-97c427c10e08,
13000000119,000119,bearer ba90e1fc-7397-459a-a7b5-d07386237241,
13000000121,000121,bearer c4fe8c03-9086-4c8d-b243-18a430ce9418,
13000000120,000120,bearer c0a32dd7-f69e-4530-8315-b2055a8580cb,
13000000122,000122,bearer a3a71ec6-1017-4c44-9fc0-63806b9d2746,
13000000123,000123,bearer e0efc1d4-6374-4c55-afcc-0bebcabb587a,
13000000124,000124,bearer 5f2c1629-196a-4748-8af0-3af5d11d7c2e,
13000000125,000125,bearer 421bbd9e-9ff4-4bf9-8d02-df62f172b07c,
13000000126,000126,bearer 8ec0c2b4-f032-4360-ae32-a6ad8393cc19,
13000000127,000127,bearer 139fb8b8-bbaa-4d94-b946-777cd63a6f2c,
13000000128,000128,bearer b7db833c-3cad-4f5b-9daf-43d479500ef1,
13000000129,000129,bearer 3521a2c3-019d-497c-a471-9b31c942e2cb,
13000000130,000130,bearer b4b0c003-9ea2-4b71-8868-fe4a48ade4ae,
13000000131,000131,bearer ba514fbf-5938-45bc-83c4-70bf44aba2ce,
13000000132,000132,bearer 48d27b1d-07a2-468f-8899-d408d7111fd8,
13000000133,000133,bearer b351fe18-5f21-4646-96d0-d69a5bbc889e,
13000000135,000135,bearer 25ed6de3-756f-4a1e-b37a-adfc6557f29e,
13000000134,000134,bearer 7edf3a6e-8eaf-4a44-b5f5-8af1e765a2ab,
13000000136,000136,bearer 9f68a487-bce3-48cd-9a0c-deda1d0d922f,
13000000137,000137,bearer a830dc66-f660-4777-a137-3af40209ad75,
13000000138,000138,bearer 2f75173a-82c3-4a1d-adb8-f8da5a6a6dcd,
13000000139,000139,bearer e1f3c1d8-87b6-4c20-829c-33d006473743,
13000000140,000140,bearer 6507e8d3-a08b-4264-8c85-b95f563346d0,
13000000141,000141,bearer f7bbb75e-3051-4120-ae68-b90232c417f3,
13000000142,000142,bearer 2ebfe66a-9472-4d98-98ef-858551422f47,
13000000144,000144,bearer 3d8d97b3-ec8f-44e9-be9f-e83f9a9eefc4,
13000000143,000143,bearer b578066f-fe16-42a4-b96a-d9547ef80398,
13000000145,000145,bearer 28a0bc32-7efc-4a31-b47b-0d19e4c731e7,
13000000146,000146,bearer 98653e8c-24df-4774-966b-9fee27773b8d,
13000000147,000147,bearer d23af8b5-35f2-454c-90fb-54ee774a992d,
13000000148,000148,bearer ba03cc7e-42a8-49af-b9ad-99cbab0b95b2,
13000000149,000149,bearer 375dd867-2497-426c-8a57-2bee1a50aabf,
13000000150,000150,bearer e963d744-8c4c-4d3b-9d2b-1c9b4192245b,
13000000151,000151,bearer ef598409-e423-4169-b960-a2c61b2a8482,
13000000152,000152,bearer 839110e8-e779-4359-9022-134b2b2a4b4b,
13000000153,000153,bearer e36721c3-a3e9-4618-b676-c42eabed4880,
13000000154,000154,bearer 1e8cbecc-70a7-4d55-a6f0-590f91aa70aa,
13000000155,000155,bearer 7361bfc2-1440-45e6-ba84-a1d1ed00a50a,
13000000156,000156,bearer f663ac74-4e93-4754-ad41-ca786377c0b5,
13000000157,000157,bearer d7c1025c-b5b1-41ae-b13c-608b0da3487e,
13000000158,000158,bearer 78768766-b48f-4cd0-956e-5e1664fc5872,
13000000159,000159,bearer 4ab1df4e-3082-4b2d-b681-4c22369fab38,
13000000160,000160,bearer e6c07087-f318-44e2-989a-24c3c5e6e0ab,
13000000161,000161,bearer afd1f44d-355b-4ab1-b7e0-758e820bf3ed,
13000000162,000162,bearer f9d976c5-cde6-4cd2-ba8e-7ff80964c558,
13000000163,000163,bearer 8daebba4-4a1d-4ed7-8946-8c6b4b391e92,
13000000164,000164,bearer e62e3743-efd1-4bf8-9784-e168341adc6c,
13000000165,000165,bearer ab9a15b1-021b-4d01-a4fb-4688df5115be,
13000000166,000166,bearer cbd16cf3-9332-40e7-9049-97a63571aaa8,
13000000167,000167,bearer c63701ad-badf-412f-acde-4d323b102b49,
13000000168,000168,bearer fef7d96c-9c14-44d0-afa3-33ea6a179d1b,
13000000169,000169,bearer b60ebfaa-3a0f-4234-beca-1a3e095718e1,
13000000170,000170,bearer d97d7d86-f251-4ad6-8ff0-7af517a85e02,
13000000171,000171,bearer bdf0cafc-2548-487e-a632-e5ae584e989d,
13000000172,000172,bearer 23bc9feb-ef3e-4d4a-a8e4-153ee79a385e,
13000000173,000173,bearer 24a600ee-247b-4a21-bb0f-bd3d334d0c89,
13000000174,000174,bearer 9db6a809-6e9e-499b-bfd2-945eecb1428e,
13000000175,000175,bearer da025648-9283-4ed3-a7da-ab0464baa3e3,
13000000177,000177,bearer ef7ae60f-9cf0-47a0-9a4b-97f34c2bc15e,
13000000176,000176,bearer 56ebafa8-2449-46a7-9151-32530af8563c,
13000000178,000178,bearer 56af6e3c-3e62-4ab1-90f0-9b586cf9d188,
13000000179,000179,bearer 8e292719-7cb3-48c0-bc55-08feb9562ba2,
13000000181,000181,bearer 2d26a57f-e1ab-4206-a805-0b1253b6a1a7,
13000000180,000180,bearer 17b8c3c1-d3a6-4f7b-87f1-2ed354eae318,
13000000182,000182,bearer 11ef4dac-565d-4429-91c3-ff08295cb308,
13000000183,000183,bearer ffc6b25e-5c03-4ce7-82ac-7bf067796669,
13000000184,000184,bearer 3e2a6326-9627-43b4-8815-f9050089b77b,
13000000186,000186,bearer 881ea00a-6a70-430a-8858-ed0b6143c2db,
13000000185,000185,bearer 74c3803d-7bb3-4669-98d0-cc7840404e16,
13000000187,000187,bearer c9b404e4-0f6f-4aa2-a30b-584926cbe683,
13000000188,000188,bearer 2de021c5-b810-4ac7-860a-e00e63f635c7,
13000000189,000189,bearer 486250b5-3f64-40e0-8943-7f47e9e97b36,
13000000190,000190,bearer 02371f66-accd-4d54-9204-b84e6682bd04,
13000000192,000192,bearer 981e55ff-587d-4a04-851d-0385f27ff5fd,
13000000191,000191,bearer b7d55f8d-3c71-4092-9787-3e5f6af451ff,
13000000193,000193,bearer da1304c1-7199-4f23-b8d7-73d2eb1b3261,
13000000194,000194,bearer 99117419-38e9-46f1-9cab-b2b3f1413634,
13000000195,000195,bearer 8ceb1293-b4f2-43f2-a691-6978feaeff9b,
13000000196,000196,bearer 8e6c68a9-54fa-4388-955b-c2ae8b713b95,
13000000197,000197,bearer 55d6a4ec-74b2-4d4a-9f73-8084ac54810c,
13000000199,000199,bearer 29c993f9-5eb0-474e-ae54-774b5a3c3552,
13000000198,000198,bearer 8ceb093b-9563-47fb-814e-6ab8897883d1,
13000000200,000200,bearer 256d6f8b-7e9e-4704-a0ca-6a713db9e800,
13000000201,000201,bearer 7aa5d715-91d4-49b8-82f8-56818fa5dde3,
13000000202,000202,bearer 100df01a-f04c-411c-9b17-aee9ca45cc5b,
13000000204,000204,bearer 8a7b07e8-d9dd-4e08-8ac5-a4a0443a2072,
13000000203,000203,bearer d3420377-8971-42d6-b4a1-fdba8ee968ff,
13000000205,000205,bearer e7395627-f616-4011-b6b2-e45f0f848bb3,
13000000206,000206,bearer 648b82c4-b268-449d-8cfd-cfa78e2949f6,
13000000207,000207,bearer 1b4af44f-04f6-450b-98de-213bc687aba0,
13000000208,000208,bearer 7bd1b9b6-2211-4ccc-89e8-e092737a6090,
13000000209,000209,bearer 11ea2f99-6175-4f11-bc0f-5531ac158413,
13000000210,000210,bearer a0f58a11-d360-4795-8fa0-d1f814e57536,
13000000211,000211,bearer edf591bc-6002-488f-9ec2-b45801e4fed3,
13000000213,000213,bearer 294cac66-390a-49c8-be0a-894f747330f7,
13000000212,000212,bearer bfb610bb-81b2-47e8-a50b-dbd5046bdc4f,
13000000214,000214,bearer c7023bd6-cb0c-4cf4-8d69-399d233f9677,
13000000215,000215,bearer 91a1dd11-a368-44dd-bdf8-5d45847fab1c,
13000000217,000217,bearer d5aa8f7b-dc7f-432e-9cae-98cee5aa5aae,
13000000216,000216,bearer 9f7945b6-4732-4539-8305-09004dbd675d,
13000000218,000218,bearer 51932dd5-292e-4330-8b46-4689fd6eab31,
13000000219,000219,bearer 70e84ae9-5442-43e2-8e06-b587aa200608,
13000000220,000220,bearer e2fb1360-4215-4432-a131-e4706c65b219,
13000000222,000222,bearer 55afea39-5ce0-4f26-8601-dfbfa7318ae9,
13000000221,000221,bearer 7bd673a3-b763-4d0b-9f5d-4950b0aa8c60,
13000000223,000223,bearer fe8f41c4-73e9-4c95-a470-69bfd6454396,
13000000224,000224,bearer 3b0bf44f-b518-459b-a14d-b315a7af25cc,
13000000225,000225,bearer ce1822bc-4078-4831-b3aa-aa4df82b4c42,
13000000226,000226,bearer a21326b9-e465-46a8-aba8-9f9d4187df15,
13000000227,000227,bearer fe3d9c1e-44a0-4278-9e08-6ef2c4710a9c,
13000000228,000228,bearer e564bad7-0d58-4a7f-b218-e53ee8465c7a,
13000000229,000229,bearer 65b8b4cc-4653-41c0-8182-8264eb122f4b,
13000000230,000230,bearer 57136aad-0d37-4462-beff-e4b2c1075e9b,
13000000231,000231,bearer b8c176bf-080e-450b-8c2a-bf2904a6c892,
13000000232,000232,bearer 4e3067a8-6356-4ff2-ac4d-c1e6c102c354,
13000000233,000233,bearer 8fa5bbcd-14b9-42d7-bf61-809d41439351,
13000000234,000234,bearer 4709bb59-5413-4c22-b09b-df483a999d30,
13000000235,000235,bearer 806bb12b-3081-47e6-8ce5-f22989ffc97e,
13000000236,000236,bearer 64e908c3-2e22-48ac-b8ea-ee1ae9f4befd,
13000000237,000237,bearer 12aef52f-1652-4e56-a996-de7d52602c62,
13000000238,000238,bearer cdac72cf-e217-40fd-ac52-261cdb780dc4,
13000000242,000242,bearer 55a8c795-06bf-4577-93a4-ed7703ab3aad,
13000000241,000241,bearer dd50014e-bef9-47ba-8e2a-4815893da978,
13000000244,000244,bearer 63c9fb8c-8b9e-4f25-b344-d4b3b93b7c15,
13000000243,000243,bearer d58c517b-c452-4004-b750-9d8bfbcfc0ba,
13000000245,000245,bearer 86a32f3f-619d-4da7-8193-c9a7bb1838d4,
13000000246,000246,bearer 6cc45e6f-46e5-4747-88e6-666c73dff407,
13000000247,000247,bearer de1db021-382b-4e21-ac1d-9edda9095ae1,
13000000248,000248,bearer f5ce4f9e-7ec2-4a3a-9a56-9d8bb43db714,
13000000249,000249,bearer 8e3c37bc-96ee-4784-8cbc-e2039acc517a,
13000000250,000250,bearer 05257d7a-c8a7-45df-93cf-df9c4c5b7249,
13000000251,000251,bearer 9330f44a-b081-46b2-a5e5-5eb7d08ec2a5,
13000000252,000252,bearer 4b163bc9-2265-482b-a837-f296eb7d28de,
13000000253,000253,bearer ea76da20-2313-4121-8161-029e7757f1c6,
13000000254,000254,bearer 5da11312-b751-45dd-81d0-61a2839524fa,
13000000255,000255,bearer 466ed40e-7957-4de5-bd4d-1e8b60034705,
13000000256,000256,bearer 9537d1e2-3d25-4ed6-b8bd-6c5adc5dcb1f,
13000000257,000257,bearer 55b6c64f-ad9b-441c-b30b-c04823f3f7f8,
13000000258,000258,bearer 79cd2ad9-7ac8-44c8-a477-1218b250414f,
13000000259,000259,bearer 368bb5e1-b7bf-403f-81be-1889625d8511,
13000000260,000260,bearer d8c23b36-ca16-4131-838e-9e7fa0dcac7a,
13000000118,000118,bearer db5ba975-41d5-4fcf-9ae9-f587193f5e96,
13000000261,000261,bearer 95e04cf0-9ee6-4c7e-b019-4b587ca9cf39,
13000000263,000263,bearer 9f2ca2ed-977d-4778-a879-b6ee3d14afbf,
13000000262,000262,bearer b420e8da-321b-4996-be43-60dee9397e0d,
13000000264,000264,bearer 383e9a7a-d7e9-4ef1-b672-e00f4d0d09c4,
13000000265,000265,bearer cb78b397-dba5-4b46-8d08-b4309a1efd54,
13000000266,000266,bearer d491d27b-3ecf-4eed-b753-a0710add9174,
13000000267,000267,bearer a2c5132b-9c08-45f3-8283-3e24f1619b9a,
13000000268,000268,bearer e59a2f06-c77b-492b-b797-cc2665e5b449,
13000000269,000269,bearer 47775b25-2eba-4886-9d39-b05ce73eacca,
13000000270,000270,bearer ac042115-9aa7-45ce-83a5-2d80477e1041,
13000000271,000271,bearer b18b2d69-7692-474a-8887-19476e5f6368,
13000000272,000272,bearer 696c4604-e75d-47de-873b-4b929d1ef99c,
13000000273,000273,bearer 4d82b027-88ac-4b6f-89f3-3b34dbe73f0e,
13000000274,000274,bearer d0b72249-467a-45e5-9046-39f961442630,
13000000275,000275,bearer 2881d49f-9018-462b-acab-b22946af7e2d,
13000000276,000276,bearer c7838bba-c89c-40fd-a2e8-8b42b1cb0dc5,
13000000277,000277,bearer 4f2a4394-a079-46f5-86aa-e69c13cb5308,
13000000278,000278,bearer b8c35695-02ef-47da-aa20-1d504584b1da,
13000000279,000279,bearer 345f05c8-1cee-46eb-9588-661a2d97455f,
13000000281,000281,bearer d7b7fc38-3c0e-4874-900a-1c926ff43715,
13000000280,000280,bearer e1ec95e7-5754-4cfa-b0e4-d1eaf026063d,
13000000282,000282,bearer 9999b891-1cff-47ba-a7dc-de8143abf1d6,
13000000283,000283,bearer 43b27676-a765-41a4-9a2c-529d18b9a4fa,
13000000284,000284,bearer 4b619356-e253-42ab-a79e-c27aea12c70b,
13000000285,000285,bearer 79a2c8a6-26b8-4758-a935-230efd1ea12f,
13000000287,000287,bearer 2c701799-bca9-4983-8a78-de70cded945f,
13000000286,000286,bearer c5698a97-df2a-40b9-881c-242d5e7ca3b6,
13000000289,000289,bearer cbbe76a1-4351-41a5-a3b1-c5e545e8c45a,
13000000288,000288,bearer 0751a3f1-7d01-484a-b878-68c7e1aca871,
13000000290,000290,bearer 03669890-8999-445e-be2f-3036bd68d35c,
13000000291,000291,bearer e31cb30d-4682-4465-94e3-7ed02f63b370,
13000000292,000292,bearer 029a38c3-4ed0-42ff-8d81-2e6ef4cce5c5,
13000000293,000293,bearer 0bd3ecb2-a0a1-4c4c-85ac-55feddcb8335,
13000000294,000294,bearer dff51009-70fb-4a61-b142-03335d06cca3,
13000000295,000295,bearer 091c6a66-ee83-4789-9f53-dd6c6973d99e,
13000000297,000297,bearer 3bf713a2-daf7-4fb2-b154-79c7b26a1834,
13000000296,000296,bearer 5169b349-3ed0-425f-a6c9-d246b9e749c7,
13000000298,000298,bearer c776c1d6-1faf-4084-8073-4350ea381ba0,
13000000299,000299,bearer 7e065639-d802-412c-8e4c-ad39118bde61,
13000000300,000300,bearer 451f2ea7-96bd-464e-aa40-b202991e9470,
13000000301,000301,bearer 5a5fc16f-edfd-4164-a794-0a1149b4efe2,
13000000302,000302,bearer 12746c33-abf7-4852-866a-2a66fc02a7d0,
13000000305,000305,bearer 67520174-4dfc-4f56-b52f-c55010d75ad4,
13000000303,000303,bearer 41e7c8df-0f47-44f5-9eef-dd1d6459cf01,
13000000304,000304,bearer 3ed5f2f5-b7e4-49a4-ba8d-fa162b2f8750,
13000000306,000306,bearer 26cefd0c-b328-4c6a-9015-b8aa3772e772,
13000000307,000307,bearer 88d9a69d-6121-4412-aff0-2e0dfbfe77b0,
13000000308,000308,bearer 88988e0d-9633-405e-8052-4201b8599b0d,
13000000309,000309,bearer e9f3127f-0cd4-4f02-b183-b6e7b4aa5799,
13000000310,000310,bearer 787ad732-2a46-43d7-8711-9c9d5b6690b1,
13000000311,000311,bearer 4f4ade84-b80e-46db-af58-3ffccc63abda,
13000000313,000313,bearer 56cc1a9c-00e9-44ef-8050-b2d1a92f43b3,
13000000312,000312,bearer 48ea3d14-e56b-4b50-97d6-bd71359566e2,
13000000314,000314,bearer 888ca0ba-c116-48c5-a81e-6641488d5402,
13000000315,000315,bearer 2a991170-1e05-4100-aaa2-9b27793445ed,
13000000316,000316,bearer bbd48339-0e1e-412c-bb77-29bc1065ffb3,
13000000317,000317,bearer aba65405-a49e-462f-855d-b9d185302978,
13000000319,000319,bearer 040c2a26-bcbf-46e7-94a4-ad971ad18870,
13000000318,000318,bearer cae2b7b3-a3f8-45ae-92b0-e60f07252590,
13000000320,000320,bearer d1adcc88-b022-4427-b4dd-b9f71404adf9,
13000000321,000321,bearer e8f777a1-7d92-423a-935f-7cb2083c9be1,
13000000322,000322,bearer b40ab5ad-0441-44c6-ab81-e6ba842d3973,
13000000323,000323,bearer fe9d9fc9-f273-4969-ac4b-90062285e1d2,
13000000324,000324,bearer bf912371-971e-42fd-b91a-f519e7f4ee90,
13000000325,000325,bearer a6c82568-797d-4349-afa2-48236e7c1ed7,
13000000326,000326,bearer a190ff02-efe9-4dcf-bb64-3d9ddb44925d,
13000000327,000327,bearer 8f945b82-6052-4469-a636-c2132cc8d0c6,
13000000328,000328,bearer b0dbdabf-7c43-44f6-af69-0929897e840e,
13000000329,000329,bearer 5c829f5f-518a-48a1-91b2-a94042bc7931,
13000000330,000330,bearer 569e8a95-b4b6-45b1-80a1-22daa374f6f1,
13000000331,000331,bearer 4102dfcd-97c6-490c-8a1f-dc131d61b378,
13000000332,000332,bearer 24fb48be-5a95-4328-892b-585398c21d72,
13000000333,000333,bearer df9c376d-c2d4-4cf8-9417-01ba83972ad5,
13000000334,000334,bearer dbfb9c2d-f2f7-4f1c-81c8-840503813e26,
13000000336,000336,bearer 3c4d4941-f6b2-41a5-a53e-3b99ae50268e,
13000000337,000337,bearer 2f83bd17-65ee-4379-a633-75f3a743a882,
13000000338,000338,bearer 09c244c7-2121-4423-a445-1a82de61dcc8,
13000000339,000339,bearer f92d7063-72bf-429a-aecb-c6388fe3f0b9,
13000000340,000340,bearer 9d97aeb6-d499-49a4-965e-82a40f452848,
13000000341,000341,bearer d18c8795-0459-4830-8709-95c7b15873ba,
13000000342,000342,bearer 1a7061a9-fe25-45a3-a796-60dcaf92316f,
13000000343,000343,bearer f5250433-5e52-40ba-bf23-d54d1532fc4a,
13000000344,000344,bearer c861c385-0272-4c5d-8c83-9fbfd0a24425,
13000000346,000346,bearer 184d130a-ad53-4836-b910-dc5b472381d8,
13000000345,000345,bearer e935ae8c-561c-4155-ba29-c2142de6467f,
13000000347,000347,bearer c27d46e0-729e-4045-8331-f99991a8a563,
13000000348,000348,bearer 41bed729-2bb6-4dc5-af70-78f944cee646,
13000000349,000349,bearer b4074aa2-403e-43bd-8f01-8eacd1e60afd,
13000000350,000350,bearer cc16b19d-f5bd-4370-abed-d1ae827c5c49,
13000000351,000351,bearer a89b19e2-1243-46d8-844b-2410cae02626,
13000000352,000352,bearer 6d461816-9353-4f58-9806-da6e2fc7b09d,
13000000353,000353,bearer ef9e6d4d-c8f6-40c9-ae01-1e9d0903246e,
13000000354,000354,bearer ba5f8f13-0bb0-43a2-9608-4435c84a3af4,
13000000355,000355,bearer e3d10cf1-e15d-4d8c-a531-48b34cb835c2,
13000000356,000356,bearer baea98b0-7f68-4600-a181-55c16ad1c9d8,
13000000357,000357,bearer 55f4d689-80f4-456b-9929-8054e09f0ebf,
13000000358,000358,bearer a7943caf-fe34-4cb2-93d0-a29eb249a18e,
13000000359,000359,bearer 37b25b8c-2a73-4e7e-9bab-bc9013621f74,
13000000360,000360,bearer 1d2447c3-89c9-46b8-a199-9aa384e60700,
13000000361,000361,bearer 67e293c9-8484-4504-aeb1-0939d5a20883,
13000000362,000362,bearer 67315779-92ef-4e3a-ab8c-25ebc521551f,
13000000363,000363,bearer 90ada313-6002-45ae-abb8-d9c91ac34144,
13000000364,000364,bearer 168810c7-a34a-478d-b311-d5e21a1ee314,
13000000366,000366,bearer ba040b7d-5efa-4f98-a978-6d5153f42ac8,
13000000365,000365,bearer 04580bdf-d9b4-4fe2-a048-ea20b7e8c2c8,
13000000367,000367,bearer bc811c8a-659f-40b5-ae13-8d0cd59acfc3,
13000000368,000368,bearer d1dfc0f5-2336-4400-a751-7902a052c7b6,
13000000369,000369,bearer 3564cd3d-5f2e-4138-bd51-4deb11a9b525,
13000000370,000370,bearer 8b6ebf00-0153-49c9-bab5-7d144adbd06a,
13000000371,000371,bearer e9569a3a-5542-49d1-9bbb-84a84e68a6a0,
13000000373,000373,bearer 16053e26-f9f6-416b-a0fd-0b59dd68ea57,
13000000374,000374,bearer d4a8f78a-a502-4741-81c7-191461a829db,
13000000372,000372,bearer 53e30cfc-1902-40dd-8a08-df412a0a2324,
13000000375,000375,bearer 820f75f5-036e-49b0-865e-978914e6d696,
13000000376,000376,bearer b95e6020-5771-4a3b-b596-f6567656bc88,
13000000377,000377,bearer 7af6fa22-4efa-4b8d-a865-e9e158f3b831,
13000000378,000378,bearer dd7b315a-79c2-49e3-abda-dfad20025d71,
13000000380,000380,bearer 30e9f3b9-7c5c-44d1-9fa7-5c291a81b376,
13000000379,000379,bearer d1bea721-22f6-4844-ad54-eb039dc52e86,
13000000382,000382,bearer d3b785d2-5d46-495c-b026-db3a91e1bcb4,
13000000381,000381,bearer 61fcf676-8a3e-4059-92ff-869cec6859ff,
13000000383,000383,bearer 66327e2d-9406-46a8-b023-664cef412cd4,
13000000239,000239,bearer 9cd85c71-b8f6-4a2e-87ec-c58ec092017d,
13000000240,000240,bearer eea0626d-df59-437a-936a-a8112cd5179b,
13000000384,000384,bearer 42148917-f9ed-4973-8835-b5a2271df24f,
13000000385,000385,bearer 7b1bd53f-f517-4868-af34-b0dbb42a1bc8,
13000000386,000386,bearer a0945d52-4382-4b3d-a33d-13c41e235b25,
13000000387,000387,bearer 3bf1cd20-3dff-4323-8056-00f1c5136129,
13000000388,000388,bearer fbbff988-e849-4aeb-8ae5-9068b59d6cb3,
13000000390,000390,bearer 8daf4e53-d099-410b-9774-cbecb2332e78,
13000000389,000389,bearer d8b8f66a-1cf0-4c93-b5bd-294e38e40e88,
13000000391,000391,bearer f40bd3a2-41b6-4a41-8bb8-fe0583a09347,
13000000392,000392,bearer 2bfe5769-ca2e-460c-8eee-e0d97f86cea4,
13000000393,000393,bearer 6717430e-44b9-4a53-bd53-3619455f922c,
13000000394,000394,bearer d52774fe-61f9-4df0-bd87-217fc1a74bbb,
13000000395,000395,bearer e672026d-1482-42a0-adbc-6a497d3bfff8,
13000000396,000396,bearer d6aca773-7b17-4f69-ade2-23d49fa1e28e,
13000000397,000397,bearer cab82ef2-0489-492a-934b-ce8e3868e32f,
13000000398,000398,bearer 3f0f2579-3bae-476f-8bfb-05b27501e588,
13000000399,000399,bearer fb82f845-42b5-41b0-8983-6d9a4688c1a8,
13000000400,000400,bearer 1b77af06-2b24-4110-ae06-9623a0f11042,
13000000402,000402,bearer 25cbf380-c198-4ce9-b9a1-6e5587de7db6,
13000000401,000401,bearer a0abeea8-e100-4285-a853-0abd8bf54c4b,
13000000403,000403,bearer 31423adc-ab58-4b22-9a64-47f95c9098ed,
13000000405,000405,bearer 37f9c0e5-b8af-4d3b-bcf2-9dd963cc48fc,
13000000404,000404,bearer c09a0cda-ff85-4097-a6b2-664d6a495728,
13000000406,000406,bearer db809246-380c-4e7c-bb7f-cd5dd17ba5ea,
13000000407,000407,bearer 8f1acc23-051e-4631-b0ad-997df52eff87,
13000000408,000408,bearer ba8408a4-97d4-4355-9872-2d5c613d6ea2,
13000000409,000409,bearer eb562a55-e35c-4dea-becc-44611a87b5cc,
13000000410,000410,bearer 918dc693-c2ab-46fe-927c-2b0b708cf8a7,
13000000411,000411,bearer 7b964b69-78f5-4ab6-8e70-e64bfc156b93,
13000000412,000412,bearer 0e0642ec-c6d1-48b8-bc97-b5a262f3616d,
13000000413,000413,bearer f4b43d49-2e52-4b75-95f8-b7af957521d4,
13000000415,000415,bearer a0af2360-1938-4133-9ac4-be08e9d111ce,
13000000414,000414,bearer 9907a140-bcd4-400d-93b4-69040affb7ec,
13000000418,000418,bearer 2a7816e1-3df9-4653-bd38-ea0d44eacbba,
13000000416,000416,bearer 5ea80198-6194-4e35-9aa1-f05400f3af92,
13000000417,000417,bearer bfa1f43e-98eb-484d-9169-b055d888f5e6,
13000000419,000419,bearer 2f17a48c-32d7-4301-8316-a525a12eaea9,
13000000420,000420,bearer aa69cb73-8cca-4d91-83de-f23670d0dbed,
13000000421,000421,bearer 877b7708-1bb6-4f5c-9bd6-459627dc042e,
13000000422,000422,bearer 7c48b9c9-a386-4598-882d-89daa4fe6f64,
13000000423,000423,bearer efbd363c-76c3-45f7-91ab-777afa4e36fc,
13000000424,000424,bearer 54fa059c-5bbb-49c4-af95-8719e0e48804,
13000000427,000427,bearer 073943c8-d243-40fd-9b31-698f45b8c5a6,
13000000425,000425,bearer 0a5c5e9c-9fd0-41ae-8d37-c097d38faa55,
13000000426,000426,bearer 8b72586b-42ca-46c8-8ea1-3e762b31c93d,
13000000428,000428,bearer c2f4b679-2ed4-43d1-93ff-a04504a5e320,
13000000429,000429,bearer a0054c55-dfa8-4915-9411-62924d31a17f,
13000000430,000430,bearer 7c37057e-13db-443e-8a5e-3d6fa19696d2,
13000000431,000431,bearer 810db5d9-6a78-49eb-9ed2-85aec8feaa97,
13000000432,000432,bearer 4cf23d76-c232-4247-9dfd-a3fd2c8ff332,
13000000433,000433,bearer da9d8f28-836f-481a-81ea-16ffe0928fa0,
13000000434,000434,bearer 7b026b58-af0a-4b6f-8c7a-a3c3c6f13444,
13000000436,000436,bearer 021d124f-3db5-4da3-b2ca-fc614e9124c8,
13000000435,000435,bearer b1288f40-165b-45c6-925e-20c77958f856,
13000000437,000437,bearer 4f8031f6-9e98-451a-b3e1-52026d855f1f,
13000000438,000438,bearer fa504c58-f145-4441-af46-6fbc8e99a203,
13000000439,000439,bearer 981e8c91-cd57-4ffc-b535-c307ade88c2b,
13000000440,000440,bearer 18b18e34-7c4b-46a5-807e-dbad0e93f8a8,
13000000442,000442,bearer 954d24e2-6d4d-45c0-8396-bb827c1f34d2,
13000000441,000441,bearer 8ad9a331-bed9-4c95-ac25-34341ecf2aca,
13000000443,000443,bearer 24ef6b0a-b209-4465-8d45-5620984a193c,
13000000444,000444,bearer b7601337-da78-4b67-ac30-9d0f7160da11,
13000000446,000446,bearer 37b4fed2-d087-4ab5-a71a-3bb3efc8779a,
13000000445,000445,bearer 10eb9b06-adfb-480c-a0f1-d448b3493fad,
13000000447,000447,bearer f94b6ffe-25cf-45ea-9141-bef5bf106a7d,
13000000449,000449,bearer 1dab6032-958c-4f9e-8307-37320858e33f,
13000000448,000448,bearer 48f87bd3-ead4-425a-a8cf-f02fc686ad9b,
13000000451,000451,bearer 34cb1881-c06c-4d4d-8d5d-5101ea43c1ca,
13000000450,000450,bearer e8efd928-4385-41ee-9854-486e0f2abe36,
13000000452,000452,bearer a8d8a2e8-d508-4306-b9bb-f7c1c1dbd5b9,
13000000454,000454,bearer 1ac6c8aa-fd17-460c-964c-9de16333053f,
13000000453,000453,bearer d0ae2014-42ca-44e5-a07d-936390ed593d,
13000000455,000455,bearer 6292fbfd-c87e-4e5c-8a23-018f15687cd5,
13000000456,000456,bearer ce467233-b592-4ea3-9aae-30458eea7911,
13000000458,000458,bearer cd5d7c06-1da2-4aa1-aef8-7f108edbf91b,
13000000457,000457,bearer 272ccb6b-574c-413d-a501-50c5c3d57005,
13000000459,000459,bearer a0ace592-5784-4a8e-8d18-a3a4a347bd60,
13000000461,000461,bearer f388e0fd-c084-43ba-ac30-34c7d0962c83,
13000000460,000460,bearer 99062c86-6e04-483d-9820-d0ba714ddeb7,
13000000462,000462,bearer 407c6468-c6e9-4f84-89a2-f100fb06aef2,
13000000463,000463,bearer 4a429d27-2708-4633-8945-87963afbc889,
13000000464,000464,bearer 6c213aa8-bcd8-4aa2-9731-0222fc973e3f,
13000000465,000465,bearer 0fdbfd2a-f968-42f8-a8a2-23ead554fd53,
13000000466,000466,bearer a623ca01-1009-4fee-8637-496c3b5d638d,
13000000467,000467,bearer 11efdf5d-161d-43fc-9a4d-a6735aeebbd5,
13000000470,000470,bearer fd073f55-98c9-4879-905e-90ceb6bb5b65,
13000000468,000468,bearer 98dbb5e6-6a03-458e-bf5f-a558d0c31a56,
13000000469,000469,bearer 0fb7ce78-12ae-408a-9601-a11d1a5d2e6e,
13000000471,000471,bearer 89602276-010d-4007-a103-2929b9637c0f,
13000000472,000472,bearer 99585eed-65e9-469f-abdb-025fd714cafb,
13000000473,000473,bearer c905b54f-28b6-4b55-a320-a6f15e2f17a6,
13000000474,000474,bearer 712593be-0b82-4488-82ff-a9d38f813850,
13000000335,000335,bearer f9d9af94-516a-44a0-b82f-9e7ebc1c9ea7,
13000000475,000475,bearer dca112d2-38f9-48cc-9144-1e21780bc833,
13000000476,000476,bearer 33948087-2c0f-43cb-aecd-a49f347e8e21,
13000000477,000477,bearer 57b16c02-541b-4774-9e7e-42dcf48a906e,
13000000478,000478,bearer 8833a3b3-4725-4fbe-a916-0863f3623216,
13000000479,000479,bearer e0c4ffa4-874e-4398-9b9b-88fe73ab2de4,
13000000480,000480,bearer 29b5b291-f2bb-44fa-9f1d-6160863706b8,
13000000481,000481,bearer 8473188d-a85d-40c2-ba3a-73e406573768,
13000000482,000482,bearer bd2984cf-693a-4734-81d4-85db6ce35be6,
13000000483,000483,bearer 30286f08-564f-41fb-973b-14c03dfb4089,
13000000484,000484,bearer cb0187ac-5e97-40ff-9beb-f48639b3191a,
13000000485,000485,bearer c44c1fa4-4f01-456c-8cb5-1aaada5a117c,
13000000486,000486,bearer 9ca72cff-35d0-40da-96f7-67b759768e95,
13000000487,000487,bearer 7f77b802-49d9-4095-b52b-a6bd29e81d3a,
13000000488,000488,bearer a1c1f1be-eda3-4dc1-8234-3fc9c1b430bd,
13000000489,000489,bearer 8b41da49-d982-404d-a959-17a48a8bfac9,
13000000490,000490,bearer 63e3a9d3-bc44-4d73-b693-88f21c692313,
13000000491,000491,bearer 14af1648-90ea-4278-9cc8-bef04d3ff887,
13000000492,000492,bearer 990a3d5e-28bc-4cbe-a086-717f88112484,
13000000493,000493,bearer 7347a59b-caee-43e4-a2f3-3ecaeb0cc0b7,
13000000494,000494,bearer 8dd972b0-2c38-4dbd-b3ea-0a6da5e28559,
13000000496,000496,bearer 16e88e70-a2ce-4327-bbf7-b6ca8669591c,
13000000495,000495,bearer 596dfcb6-63b8-420e-a41e-30e980be7ba1,
13000000497,000497,bearer 63a8a860-53c2-4da0-8219-0d49b5752d00,
13000000498,000498,bearer f9c9c7cd-db25-44ce-8ce7-587eba02aa1f,
13000000500,000500,bearer c3a84dcd-4e06-4614-96a7-a937660e4956,
13000000499,000499,bearer 3e762100-4426-4bae-ba90-b170cb493c6d,
13000000501,000501,bearer 27f11150-e836-4554-8880-6883809badc8,
13000000502,000502,bearer a778c830-a2e7-4746-bac6-d5a7dd598a14,
13000000503,000503,bearer ca5ec7a2-8612-4507-80ab-5d3f8700cb23,
13000000504,000504,bearer 67dc2b95-69de-4c82-9d2e-2d139dccbf5a,
13000000506,000506,bearer 437a84d0-4357-4f4e-910d-d931724e045a,
13000000505,000505,bearer 1471261d-9805-4fa4-a129-254e08ecc39a,
13000000507,000507,bearer 00ad8e44-6852-4769-acf2-4ff0c0167656,
13000000508,000508,bearer fb158217-06b9-44a7-b0ff-c41e912edfc1,
13000000510,000510,bearer 0fc37329-fca2-47eb-8bc0-487d089c2a62,
13000000509,000509,bearer f055b7e6-1407-44ed-b4bd-d6c1c960a26c,
13000000511,000511,bearer a3c7104e-1955-4eab-bfdf-42d620403060,
13000000513,000513,bearer f62aeb63-b80b-449e-ad3d-517ce91c78bb,
13000000514,000514,bearer 5cbbc1ec-6948-4ce5-80e2-5dfa187a16a8,
13000000515,000515,bearer 52c02efe-3293-40a0-9a47-abda8b42e094,
13000000516,000516,bearer 9b66597a-c901-4472-be6c-06b9723b9169,
13000000518,000518,bearer 48fdeadb-a442-4d42-b103-77a361a478a5,
13000000519,000519,bearer 9bbac5b1-f558-4668-a82c-28f97a9e11d1,
13000000517,000517,bearer 73672c53-a45e-4d22-b1af-3277fdecaec2,
13000000520,000520,bearer f8bc8d0a-01e5-42b6-a971-c4198f54147c,
13000000521,000521,bearer 9d3fe3a1-841c-428c-a12e-267295a534d8,
13000000522,000522,bearer 1874eb7c-a582-413f-a6b9-38d2c7856465,
13000000523,000523,bearer cf0f07bb-a867-4c4d-be2c-83573f83a7d4,
13000000524,000524,bearer c7553c32-52a5-4d04-bd16-4ac437e78dee,
13000000525,000525,bearer a343233e-2fbc-43c6-a7de-1fc07a32957a,
13000000526,000526,bearer db8e52c2-b83b-43d7-ace9-af0603366e44,
13000000527,000527,bearer 0dcac403-e18e-48fe-8207-702634ce41c9,
13000000528,000528,bearer eafc6e84-a2d8-432e-afbf-7b5129808c2d,
13000000529,000529,bearer 6e77146a-6011-47a8-8b5b-99d6e0ab96e0,
13000000530,000530,bearer 8bb2789a-c131-420d-b856-1f0cc9ae9bfd,
13000000531,000531,bearer 7022bf3b-412e-4b46-a45e-b266c8028e79,
13000000532,000532,bearer 01388000-7eaf-49d5-9291-81a7e24eedcd,
13000000534,000534,bearer 3b75714a-fd66-4dda-b100-8232bc8487d9,
13000000533,000533,bearer 060a764a-ce05-4bf5-aa06-9a6d5d13d18b,
13000000536,000536,bearer 8088c1e1-d92b-45eb-a02e-595571d17018,
13000000537,000537,bearer 0e993b94-f268-4cac-bf28-9a5dc19da1c1,
13000000535,000535,bearer cc2b9f20-1062-444e-9b38-25a98315b9de,
13000000538,000538,bearer 9157f904-214a-47c0-9d6b-18e433332bab,
13000000539,000539,bearer da9b9243-91b6-4674-925b-b16d29618263,
13000000540,000540,bearer c61e4008-a87f-4a7f-9c97-f2fc667d9457,
13000000541,000541,bearer d77fdd5c-986f-4c39-b36f-92f0a8a1e930,
13000000542,000542,bearer c89a7b5c-19c9-4934-a6df-656983119e84,
13000000543,000543,bearer b1257f7b-40dc-4ea0-b628-6b0af1d18d60,
13000000544,000544,bearer 2be45049-01f9-4c9d-b29e-eb2f2d931f44,
13000000545,000545,bearer 16b2efe7-791a-4c32-8633-db0a8f7e6595,
13000000546,000546,bearer ba7673e7-7999-496c-9b92-4c6242e4cd17,
13000000547,000547,bearer 64f2d0cf-b664-47f4-ba54-348c64c85292,
13000000548,000548,bearer adf9b32c-aa0a-4e62-98f1-2e7484978c49,
13000000549,000549,bearer d1276b44-ac72-42ae-ac3e-e506981da5ef,
13000000550,000550,bearer 4d84ecfe-f1e6-49a4-995c-83a81bbcb94f,
13000000552,000552,bearer 276dc8f0-c31b-431b-b7af-453f19dad201,
13000000551,000551,bearer e5cb81c2-d34d-48a5-a211-8d321a344286,
13000000553,000553,bearer ab9ab5c1-ec74-4318-9e2e-0cee04dfaa60,
13000000554,000554,bearer 9c5efaa9-77d4-4811-a240-bafdff235fd8,
13000000555,000555,bearer c3e4016b-7f88-4feb-b983-813426b1bfa5,
13000000556,000556,bearer 58a9d688-1294-4b41-b5ac-24c8076f5a1a,
13000000557,000557,bearer d33ce178-893f-4daa-9610-0ed2c254cc67,
13000000558,000558,bearer c7d52d22-8a39-4859-a27f-3f558d84600c,
13000000559,000559,bearer 91cb583a-917d-4c0e-9f42-742e01ebeef6,
13000000561,000561,bearer ab9ce74f-5105-4a6e-9115-a1c6a9f17154,
13000000560,000560,bearer 26f8362e-a432-45ad-93e6-d499332691a7,
13000000563,000563,bearer 86b64c84-0387-4557-ae83-a0f3913e0cb0,
13000000562,000562,bearer c62d1a4e-eb49-4768-a446-5d1403674425,
13000000564,000564,bearer 65b183f9-1170-4ab6-a17b-bde3cb323a75,
13000000565,000565,bearer 984f98ca-6843-41b1-9ce1-aa50c74deba4,
13000000566,000566,bearer d99a3859-f43d-4240-b602-d6e582f50282,
13000000567,000567,bearer cb305a19-bd11-488e-8317-10db1a45055d,
13000000568,000568,bearer 5e267cc2-c528-4048-9c94-ecdf8dde3bdf,
13000000573,000573,bearer 7b18cda4-28ca-4596-ad99-e3f254c437a1,
13000000571,000571,bearer 85c7d7ba-3f39-4434-895b-7394c02c44f0,
13000000572,000572,bearer afffa427-b192-469a-b9ad-ebd7b9edecbb,
13000000574,000574,bearer c5a04dd5-a813-4f81-89e6-390d216360ec,
13000000575,000575,bearer 78df4659-f3fd-4eb9-8c96-76d106a24f33,
13000000576,000576,bearer e1f0cd18-a0a4-4325-9135-b43ac06fbd06,
13000000577,000577,bearer 64e783db-5c43-40ca-9f36-08a499c4cbb1,
13000000578,000578,bearer 112b98b3-09c7-40a4-a632-7dfc4fbbaae1,
13000000582,000582,bearer c48c08b5-d6de-4b6f-b5e0-3e4f8dc07781,
13000000579,000579,bearer 81d40cf4-9059-4046-af59-29cfad4f77f2,
13000000581,000581,bearer 4e2df99c-4cba-48c1-8cd0-a2656c0aca99,
13000000580,000580,bearer 47b0b27a-d284-4462-9024-81fb9077f37b,
13000000583,000583,bearer 3e512898-70ff-4cdd-bea5-e6c72e10c724,
13000000584,000584,bearer c2aa8816-c248-4fb3-b7f6-f8a3f91ef66a,
13000000585,000585,bearer 5db416b3-cef0-4ef7-9247-303e3758c137,
13000000587,000587,bearer bc87e3b8-e16e-44d3-b4d1-c2c2d2bfe1d9,
13000000586,000586,bearer 967daac3-7992-43db-81d3-a22282fe43b3,
13000000589,000589,bearer fa08cc1f-9951-450c-b963-e545684935b1,
13000000590,000590,bearer c7c8c04b-ddb0-4130-85c7-e554557cbaa6,
13000000588,000588,bearer 4d74cd93-3771-496b-9b6d-d66954e53bb0,
13000000591,000591,bearer 1e2dbb7a-22c1-47cd-9581-296461ab05b1,
13000000592,000592,bearer 6dc17650-31f7-4188-96b9-604a3a201313,
13000000594,000594,bearer bad8a289-7cbb-482e-b33c-a60b547a5a00,
13000000593,000593,bearer 2250c9cc-2eda-4967-a71b-f0da60f5c27f,
13000000596,000596,bearer d31fb27d-ec44-4b60-b2ea-2866ca603aaa,
13000000598,000598,bearer 6fdee956-02a2-4e09-a151-19a6ca085cc7,
13000000597,000597,bearer cf72f1e6-53e4-4166-b9b0-7deb798bdcef,
13000000595,000595,bearer c1de29dc-e471-4e58-a3b6-ba51bfecacf7,
13000000599,000599,bearer bdd214ec-0472-4703-9f0f-3fad6433d1d8,
13000000600,000600,bearer 3ea837f7-7035-4a8d-a46e-5f1b5e986d48,
13000000602,000602,bearer 05d49eea-a202-4214-85ca-c0e5861ca92e,
13000000601,000601,bearer 219746ec-32a1-4e73-9567-d12d609bd04c,
13000000604,000604,bearer 679f81bd-6a1c-4c49-ad19-040bb9d795ed,
13000000603,000603,bearer 9a5c16a1-c137-4220-8158-3f72a91116a2,
13000000605,000605,bearer a7824d68-9016-48a4-b6ce-af2fa06ff3dc,
13000000606,000606,bearer 5c58a2f0-45c0-4792-928c-ea60ef6818a2,
13000000607,000607,bearer 7d5af154-9abc-4a14-8d90-3922f46f87a1,
13000000608,000608,bearer 66a97266-97cd-40e9-a2e1-91ec54a0f7da,
13000000612,000612,bearer f23b1d53-61b9-489e-9d97-32f39fd8626f,
13000000611,000611,bearer 2bd818a9-4079-4b32-93a7-65a974a5711e,
13000000610,000610,bearer 487dbfc9-cfe5-45db-8f42-179d7c56234a,
13000000609,000609,bearer 922f2355-d203-4119-b880-dbb0191bc515,
13000000613,000613,bearer b4cf0b0a-2e5c-4a8e-8274-ca7e6be4f5c7,
13000000614,000614,bearer 5b8a4476-257c-4697-8ff7-af74b92a257c,
13000000615,000615,bearer 7d7b636e-1869-4c74-b383-2be5f0b8921d,
13000000617,000617,bearer 61bf0595-f6c3-4a49-b762-d91c4c13cfca,
13000000616,000616,bearer 2666e468-1b74-4aa2-9195-dac786cdda7c,
13000000618,000618,bearer 4537f3e4-804d-431e-8ea5-857a9edcac87,
13000000619,000619,bearer a6e3c380-0e60-4240-88ff-a20636bfa4db,
13000000620,000620,bearer 381da8fe-67fe-4ba1-9ce0-bbd4eb374386,
13000000621,000621,bearer 6af07c2b-f8f2-48a5-8616-91979822489e,
13000000622,000622,bearer da436ae4-4aeb-42a2-b4e0-223f24698b87,
13000000623,000623,bearer 56edaf88-01f4-46f2-9ab6-946a5c8a079f,
13000000625,000625,bearer 8ec3b844-ec7b-474f-86d5-b1957e3d5165,
13000000624,000624,bearer 32c2f26e-c143-4c8b-ad48-f6e39ba48604,
13000000626,000626,bearer a5dba8a9-b30b-4952-a3cd-858705277442,
13000000627,000627,bearer 0a75aa23-59bf-4e1c-9efd-35911f6e3def,
13000000628,000628,bearer a533d377-ee0e-47e7-bfa8-ed3191ef6cac,
13000000629,000629,bearer fabd8740-7bad-4ac8-84ca-d5b8f2c9ad24,
13000000631,000631,bearer c556bcda-8858-4e08-9c0b-e68f6fc43dad,
13000000630,000630,bearer 18b1b097-a818-4c78-813a-3dbf129510f4,
13000000632,000632,bearer 8dfb7f68-4ae5-40e1-90c8-a6558b234301,
13000000633,000633,bearer f1e13220-bb73-4a20-9a80-ccb5b3e6e652,
13000000634,000634,bearer eacdc110-393e-485a-93aa-a23478cd746f,
13000000636,000636,bearer 379a7a61-3b5e-4fa3-bbb3-39874e59db2a,
13000000635,000635,bearer 67625b3d-04fd-469d-a65b-7850155e054e,
13000000638,000638,bearer 8bd72462-904f-489a-b7b3-f9271f3721b7,
13000000637,000637,bearer 6eaef4c5-4027-4b04-a750-15b41b636863,
13000000640,000640,bearer 4d63477b-3e8b-4a10-b9e0-ccde2a0bad6a,
13000000639,000639,bearer e2affa4c-261b-4ff1-a019-d9726589fe04,
13000000641,000641,bearer fd39e445-5a86-4c3c-a9d5-174e7c54f463,
13000000642,000642,bearer 0b9acba1-b0d7-4caf-94c3-6541e85e8a17,
13000000643,000643,bearer 5ae5e0b6-3336-4743-8102-c5103e1dc023,
13000000644,000644,bearer 65446b10-f8f5-4863-95e0-34dcab4d5ca9,
13000000645,000645,bearer 507bc8b0-31cf-48b0-b6c9-74f8e082287e,
13000000646,000646,bearer 5794cb9c-e9f7-4b26-a63c-946951525737,
13000000647,000647,bearer e7e9aa9e-32ef-4cf5-80b4-917be5a0ee23,
13000000649,000649,bearer 4d900c4f-1123-485b-bb40-5cab6c221304,
13000000648,000648,bearer 8ae8727c-e565-45be-b1fa-74e183852ef8,
13000000650,000650,bearer 71dbfbc1-5a40-4d09-9420-72266fe80908,
13000000651,000651,bearer a2933025-634b-453c-a330-5dcbef6814f8,
13000000653,000653,bearer c8bf1378-298e-40b4-adab-ceefe3eacfd6,
13000000652,000652,bearer e5f1872e-57e7-44ee-a5be-764f882c3da9,
13000000654,000654,bearer 5d211f41-0fc4-4905-b564-499ae73c23b9,
13000000512,000512,bearer 1d3edab0-7efa-4af9-a1a5-49c16ce32de5,
13000000656,000656,bearer d678b6c0-418d-4cc9-a7de-5d162a664f46,
13000000655,000655,bearer 91a82598-3a15-4cea-8519-5c6f815faaa7,
13000000657,000657,bearer 5f3efb4c-5bff-42f5-a7ad-d01a2fe899a9,
13000000658,000658,bearer 42c47c01-fae3-468e-a4a3-7a80872ae5da,
13000000660,000660,bearer 6e0c0a97-a0be-4946-ab01-fb7bb1662cbf,
13000000661,000661,bearer a01b7bc4-11f0-4b56-a872-70cc4e3eadeb,
13000000662,000662,bearer f2ee5d1d-3af3-44b2-805e-c4a393718cfd,
13000000659,000659,bearer 9e4d9f80-8357-4dc5-858e-e5d749ad475d,
13000000663,000663,bearer d402d249-5a22-4f25-95da-4b788d9e6d56,
13000000664,000664,bearer 550286ad-926c-47a2-9680-d01434349acb,
13000000665,000665,bearer ff198b25-33da-4100-a96f-b85db7990e19,
13000000666,000666,bearer c9a817bb-cbab-4510-9fc9-4e028f55a063,
13000000667,000667,bearer dd61c271-b254-422d-9f87-c22b418e973b,
13000000668,000668,bearer 4ba60b35-2d5f-4ce2-a8bb-e3e863ed2d6a,
13000000669,000669,bearer 40c339cb-d56b-4b51-9905-65deccb03a0b,
13000000670,000670,bearer d6894e66-762e-4dbe-881c-c8a29c095220,
13000000672,000672,bearer 6276d092-1e1c-40b7-8660-dec00a005860,
13000000671,000671,bearer bbf9ed78-28aa-4340-82e5-ba364bc1942d,
13000000673,000673,bearer 25b002e7-2746-4cc9-8ae2-03efd49c756a,
13000000674,000674,bearer 585a9c3d-f6ff-4328-b5e3-47dc6336b894,
13000000675,000675,bearer 054e51f3-2878-44c1-8448-73b5fc6c382f,
13000000676,000676,bearer e59bfdf6-8e05-4d6d-ae56-3378a192f674,
13000000677,000677,bearer 5b8b82f0-caac-40e5-9d1e-a406e51f7f47,
13000000678,000678,bearer e6e40d51-a6f4-4768-af36-6f23337a668d,
13000000679,000679,bearer e65ef825-46f4-4fbd-8215-fd175ccd5090,
13000000680,000680,bearer 0f0af299-ce09-4b6f-8f3a-e72a04dbf5d9,
13000000681,000681,bearer a39345cc-9d1f-4cb8-81d3-5b3f8bdc9515,
13000000682,000682,bearer 8a60e24f-4321-458b-9376-89cf47168501,
13000000683,000683,bearer 5b000970-cbf2-49ec-bcde-eadf7cc0737e,
13000000685,000685,bearer 52772e30-f9c0-4502-bf10-975f4e2c3a43,
13000000684,000684,bearer 9d7b23d3-e1f4-4ec5-9ae8-5e386d2a742c,
13000000686,000686,bearer b12cccd9-f04a-4476-8f93-5bbcab3ab368,
13000000688,000688,bearer 7d83a23c-d597-4377-8aa1-377b3c1d1fa2,
13000000687,000687,bearer f8d6ef96-d5e4-4649-bc40-bb15a7af91b7,
13000000689,000689,bearer edaa3b89-e4d2-4586-a553-8bf911e65ab8,
13000000690,000690,bearer f1ab3046-8b5c-4e10-ad0c-cbdef05a3dfc,
13000000691,000691,bearer 43bc2c42-aecd-4e97-819b-b12f780157af,
13000000692,000692,bearer 81a958bb-2e3d-4397-8140-633dead9a68a,
13000000694,000694,bearer e6037222-7069-43c3-b3e7-d05e65bd84a6,
13000000693,000693,bearer d9d87ee7-303e-4ce5-b621-d0f116c00780,
13000000695,000695,bearer 4ee182c8-9c2d-47e3-a0f9-011fb9b74780,
13000000696,000696,bearer 04a28385-2670-4b24-a7f3-84a2c7281c78,
13000000697,000697,bearer 53883939-b43a-4d3d-b87a-c7008f18f8bb,
13000000698,000698,bearer ac03e961-4132-419d-a7a6-c192f6efb678,
13000000699,000699,bearer 39bedb9b-8d06-44e2-b6cb-f324699a8e7b,
13000000700,000700,bearer 7c07a189-a640-41a6-ab63-94df740e5c30,
13000000701,000701,bearer 0fb2d21f-8fb5-4c05-80de-5c2487dee477,
13000000702,000702,bearer 9ecc5dfd-987b-4e4a-853a-eeda43fbff71,
13000000703,000703,bearer 47e7ba93-e121-45d4-ad08-82f31a926dd4,
13000000704,000704,bearer f1707893-58a3-441c-b83e-989a3d99f520,
13000000705,000705,bearer 137d68b2-4f32-4d54-b390-84be182e4140,
13000000706,000706,bearer 6f5a11c3-51dc-44af-9327-65444e314db6,
13000000707,000707,bearer 5d1b2665-3f6c-4601-a07e-8c5df72b6ca1,
13000000708,000708,bearer 990cd962-f873-422c-a135-6afa6b42af39,
13000000709,000709,bearer 4170c007-8533-49db-ad6d-b4ce290a7467,
13000000710,000710,bearer e345c50b-7fc4-4c65-9ed8-14268f7680da,
13000000711,000711,bearer 05417d49-dd70-4aec-af40-61d30879a6bf,
13000000712,000712,bearer 653ca1e7-cf91-4857-927f-6182e9dc6304,
13000000569,000569,bearer 821274a7-c0cc-4f3e-894d-4ae29662eb92,
13000000570,000570,bearer d81e35e8-731f-4d72-8e8f-6d3d6f4824a7,
13000000713,000713,bearer 2eb31752-8aa9-40f4-a36f-ca3426b3b159,
13000000714,000714,bearer a1b7fe7e-152f-43c6-b48e-0766fcbb0859,
13000000715,000715,bearer 87ad4ee8-3e93-464d-bd78-7e0b8dc92d4b,
13000000716,000716,bearer d0df2ba5-d7c6-4bde-a600-44f798fe6228,
13000000717,000717,bearer f22714db-1863-4beb-8da4-c960d631559a,
13000000718,000718,bearer 235a2954-a30d-4af4-81eb-15645bcad033,
13000000719,000719,bearer 1a1e6f01-3663-4fa3-8e29-30d04ea42960,
13000000720,000720,bearer f7433741-44cd-46d0-b46e-9ee9b666e787,
13000000722,000722,bearer 493db790-e97c-4b20-8df6-9fdc9a6991c0,
13000000721,000721,bearer daaa464e-b17d-4081-8113-9d4c9f075dcd,
13000000723,000723,bearer 28e8cd7c-b26a-4978-ada2-151feb0f2cf9,
13000000724,000724,bearer 5283d8fc-8427-4639-aaa6-2631ac1d1fa1,
13000000725,000725,bearer c2ef01e8-2575-4fbc-9651-83f30ebea169,
13000000726,000726,bearer c622944b-f6ff-4196-a97e-a9b610c18135,
13000000727,000727,bearer b64b4caa-b079-4bc8-a351-5e0f98b386c9,
13000000728,000728,bearer 97af507b-6a0c-4312-b57b-b0d04071a66a,
13000000729,000729,bearer 2968fc11-0da1-4764-95f9-a125e5ade406,
13000000730,000730,bearer eecdaf86-1728-4f91-8cb7-8f4289752993,
13000000731,000731,bearer 384a3dde-f048-4aa0-8e6a-d178dc068622,
13000000732,000732,bearer 7361bdcd-58c4-450e-8639-a279f89a5ada,
13000000733,000733,bearer f0b6990a-0277-4588-8318-f3bc26924a8e,
13000000734,000734,bearer a03e6d04-037f-47b1-b941-fd57acfa0056,
13000000735,000735,bearer 14bf05a7-6526-474c-a49d-cee88f7551c6,
13000000736,000736,bearer c894a1ce-f98a-4ea4-9a02-85b54e3d3004,
13000000737,000737,bearer 56a96d1b-4e1a-467b-b476-4612e729b4fb,
13000000738,000738,bearer bc2829f1-bcbd-46e3-ac65-1b4d564ca623,
13000000739,000739,bearer fb77f2f7-ce25-411f-a00c-205aea11a24c,
13000000740,000740,bearer e6f997b7-3ac2-47f9-ac36-80425151f3bf,
13000000741,000741,bearer 5681b653-9971-45db-b8fd-ea35afc4b864,
13000000743,000743,bearer d0032451-5d20-4eaf-9923-8f9d7f2aff32,
13000000742,000742,bearer c4048d6d-5e87-4dd8-b7d0-c2c7969f5d35,
13000000744,000744,bearer 9c287d42-e846-4154-baf1-cd385d392448,
13000000745,000745,bearer 4adb42b8-0f03-4b77-a40d-d8c776f65909,
13000000746,000746,bearer 57ce1647-3df0-42b2-9c79-19847e090b2a,
13000000747,000747,bearer 94177eef-763f-43dd-bb66-8cb481f41d20,
13000000748,000748,bearer dd8c2b2a-045c-4c37-a993-338bba687585,
13000000749,000749,bearer f6f533e7-03b5-4564-940a-346d04be6269,
13000000750,000750,bearer d26206dc-33db-4c49-9fea-2c0cc397bb12,
13000000751,000751,bearer b8a99595-9ec2-4140-ae39-8abd02117ed4,
13000000753,000753,bearer 1fb35111-8e52-4177-8e5a-9909e6258d7d,
13000000752,000752,bearer 4b30cd32-8934-4830-afa4-18796adcd0c6,
13000000754,000754,bearer e77eca94-5923-4466-937b-5fe720f54091,
13000000755,000755,bearer 5cd05b55-5adb-4b9a-a949-cb7bbec67ce7,
13000000756,000756,bearer 98932af9-bff6-4f11-88f6-ee569771f04e,
13000000758,000758,bearer 4128dec1-9dc8-4ad4-ae60-f94b563a598d,
13000000759,000759,bearer 7102bd5d-046e-4528-992c-27dec8497a60,
13000000760,000760,bearer a3218a97-03ab-4bc6-8cd6-e834528f5821,
13000000761,000761,bearer 965ad86b-273a-40ae-88c2-6959a23fc960,
13000000762,000762,bearer 8ee998fe-dd82-425d-a574-21a9bd718b0e,
13000000763,000763,bearer 3b0e6365-60db-4ea1-a947-7c7034d987f4,
13000000764,000764,bearer bdf5d14b-3ca1-4fc2-9a8b-0391b03d6e25,
13000000765,000765,bearer 5c1e6a08-d441-46ef-bacd-10c20e7d8fcc,
13000000766,000766,bearer d3df192f-0301-4159-ad32-6955f2f488e7,
13000000768,000768,bearer 4431ab51-8c81-484f-875e-86ea0ae6ca34,
13000000767,000767,bearer aaf7c8dd-7da1-42fc-8c8d-ca9033ac8020,
13000000769,000769,bearer 7ad800b7-34e9-4a97-840d-4a30ecd4d9ea,
13000000770,000770,bearer e0530154-a7dd-48c2-bc86-05b0fa3477f7,
13000000771,000771,bearer afe5281f-dba0-43ba-8f1c-adb378ac1c88,
13000000772,000772,bearer eb8c0ab5-96d1-4f0b-b414-86dc72250989,
13000000774,000774,bearer 0a6a71d1-888a-4eea-a7f1-f5261b810958,
13000000773,000773,bearer 9cea972e-5a2e-4fcb-8255-2b9baaccbad1,
13000000775,000775,bearer b8e6628a-d351-487e-bbe1-a4e26482ffb3,
13000000777,000777,bearer c07d1a7f-a27b-452e-af43-d07ee671b018,
13000000776,000776,bearer 1d571c5c-74bb-408b-9778-a5e2fefbb37e,
13000000778,000778,bearer 66ea9f9c-c55b-461d-ae29-24197c43e86c,
13000000779,000779,bearer cd746d2c-3f49-4123-afed-01fe8ff934b1,
13000000780,000780,bearer 27be24fd-22f6-4717-bef5-24e868f89f9a,
13000000781,000781,bearer c42e6d05-3319-4c03-b952-b93d672bcbc5,
13000000783,000783,bearer bccf3b11-bcd4-419f-9cc9-05608da85938,
13000000782,000782,bearer 826928fc-8f15-40c4-9ce0-39bc881faf91,
13000000788,000788,bearer b9ad0ca7-e362-4c29-bb41-377247fc1129,
13000000787,000787,bearer 64b71fa4-dddb-4430-add2-146a986da8b0,
13000000789,000789,bearer 601327ed-398e-4a0c-ab00-16641b16a269,
13000000792,000792,bearer fe75e006-4e3b-4831-88da-16d9c6dbdfa4,
13000000790,000790,bearer 5c55e25c-426d-423e-a02e-f3c1336139b5,
13000000791,000791,bearer 8e9207d9-627f-45e6-8d91-798563978db5,
13000000793,000793,bearer 66aa3c59-7464-4519-9ee3-f56369efad70,
13000000794,000794,bearer fc850adf-833b-443c-a483-80a11d9b7b0d,
13000000796,000796,bearer d2f8e2ae-b41f-4337-a02b-1e3d043586ca,
13000000795,000795,bearer 733855a1-42c5-40f0-90f0-9ec92d0b3e4d,
13000000797,000797,bearer f84c14e4-5b68-45b3-a6aa-2e8423de097f,
13000000798,000798,bearer e14e64a7-21ab-454d-9de2-7d67baf3cd08,
13000000799,000799,bearer 4f2da52f-28a8-4898-9326-9af37354ea3c,
13000000800,000800,bearer 8dd7c4eb-13af-488f-a9cc-d4b89be95e82,
13000000801,000801,bearer 13e4f82c-f49f-4443-b738-e8e708fec9e8,
13000000802,000802,bearer d6781f63-0175-42a2-8969-a2638a14b65f,
13000000804,000804,bearer ad0b3c35-b416-4c2e-b3c0-74c80ba53f6c,
13000000803,000803,bearer e75fd6ae-ab67-4dee-b605-1f09dd34fe76,
13000000805,000805,bearer 2ed6c363-7912-4309-8430-c5880236c7b1,
13000000806,000806,bearer fa8299fc-c9d5-4a30-9047-20843b955db9,
13000000807,000807,bearer 87d03291-97a3-4f8b-ae4a-1ec3b726effe,
13000000808,000808,bearer b223006b-92b5-44b0-a6c9-9e5f5681d135,
13000000810,000810,bearer 0d5ccd67-5f4c-49f1-b9f9-4d27cc6f7778,
13000000809,000809,bearer c6d9e16c-9cb6-44f2-919e-29bbaeed996f,
13000000811,000811,bearer 7f7443c1-d62a-4de5-803b-c28a75e346fc,
13000000812,000812,bearer 0a34b971-7754-4053-80f1-20430724a514,
13000000813,000813,bearer 88b69867-2233-4d60-ba31-a1f1f5e0ccfd,
13000000814,000814,bearer 87dbd967-c02b-4bf8-8778-646901f77d48,
13000000815,000815,bearer 22875f2a-7e86-43cf-9709-f36b5bd0b070,
13000000816,000816,bearer 843cd579-660c-4467-8099-4627ca495cfd,
13000000817,000817,bearer f53259ed-a07c-4a77-9be9-14763a1b2f20,
13000000818,000818,bearer 1961e187-5324-49a7-b0c6-c3d97db34e06,
13000000819,000819,bearer ad712439-eaf4-4d26-b6f8-f1d294dbe4d0,
13000000820,000820,bearer 2c64d604-dd1c-447b-84ad-cb71993817bb,
13000000822,000822,bearer 038c040a-6f63-46d5-9449-fa2e29ebc9dc,
13000000821,000821,bearer a682637d-ca44-478b-b3d4-f295fe5ef76d,
13000000823,000823,bearer 20843827-d1bf-473e-a1c3-28b3b64e4b85,
13000000824,000824,bearer 43ebc7c7-9dc6-49c4-9a2c-108a99dae005,
13000000825,000825,bearer fd39277f-8a2b-4692-ad74-78f716ebbd26,
13000000826,000826,bearer 41662475-d34c-45b2-8159-a08b1512765d,
13000000828,000828,bearer e7b5ed03-b0fc-4f48-9d71-95559c3d43de,
13000000827,000827,bearer dfed3dc4-d57f-4711-8075-f895d70f6de6,
13000000829,000829,bearer d1ab9939-f317-46c6-b588-f23005cb709b,
13000000832,000832,bearer 67091c13-de43-4c99-a42d-a04eceb21b06,
13000000833,000833,bearer 2d02c229-b9d1-484e-a888-781ffb81f8d3,
13000000830,000830,bearer 284c8bd9-868f-43b8-a55e-19eb901749ab,
13000000831,000831,bearer 73a98339-38c0-4ab7-a0aa-b9e42b4448e5,
13000000834,000834,bearer 6724f7f8-7c45-43a1-b0a1-e9ef92d20914,
13000000835,000835,bearer c5f63b79-f534-46bb-8e82-4278731eac00,
13000000836,000836,bearer cdfe96bb-967c-458b-8dd2-4d345c3dde51,
13000000839,000839,bearer 8e0bf182-2363-4543-b15b-e82ff2b9381b,
13000000838,000838,bearer ac37987f-fb7c-4a6b-8023-03f9172e605e,
13000000837,000837,bearer 19caa08a-9e83-4ace-b02b-c073b1aaf0a0,
13000000840,000840,bearer 09eac56c-c68a-4f5a-b805-930a3b5084be,
13000000842,000842,bearer 3261fb53-43b3-40a2-bd23-774948b6611f,
13000000843,000843,bearer 1db2fec9-4b2a-4746-992f-de88c3237ad2,
13000000841,000841,bearer 2b3016dc-21b0-4638-a738-a2b1c1cdbd0d,
13000000844,000844,bearer f4455c2b-ae5a-4a02-9cee-fb1ee6aca585,
13000000847,000847,bearer 06d56cf6-38f3-41d0-867e-c48ec5aa5289,
13000000846,000846,bearer bab00335-8e69-4f2f-be4b-ca2e04c1f36e,
13000000845,000845,bearer f2456aac-3a24-4159-a5f5-1e9121ce3584,
13000000848,000848,bearer cd44f16f-267c-4832-a917-49d7cdcfbb67,
13000000849,000849,bearer 9b1ae2df-9a34-4f28-bb65-022cae840ee4,
13000000851,000851,bearer 38ec1ccb-a4a3-4338-89c0-1c142f658447,
13000000850,000850,bearer 308cf35a-ae0e-40ec-b809-1686a919a05f,
13000000852,000852,bearer a0b3cc5b-f1c1-4ddf-8f17-c3df355a7a74,
13000000853,000853,bearer df71e8cb-6a22-4797-a0a7-96afa6cd6072,
13000000855,000855,bearer fed9804d-f0ee-43a5-9722-2456c50690a9,
13000000854,000854,bearer ed77f175-aa2f-422f-b9e6-df7e057119cd,
13000000856,000856,bearer 90168864-1176-4a9c-9da5-1a81d743aeb2,
13000000857,000857,bearer 21dc2ee2-70b7-4655-9725-a7223395496a,
13000000858,000858,bearer 9cd4c0b9-9176-45e4-ba70-205f24282f52,
13000000860,000860,bearer d5de9ffb-fc1e-4d6d-8845-ca017f9b4d1c,
13000000861,000861,bearer 075ae4bc-8142-402b-b95d-a319d5b4c731,
13000000859,000859,bearer ac426f23-9fb0-49ed-ad17-5267ec09d585,
13000000862,000862,bearer 5f022c21-85b1-4a80-b6ae-d63e5968dbc9,
13000000863,000863,bearer 3956ee66-74f1-4d2a-b118-d3e26d2397d3,
13000000864,000864,bearer 2db50bf6-b34f-4cf2-b50b-5aed3325e9d3,
13000000865,000865,bearer 87e43cd8-c918-4da9-9761-743a38f42ec1,
13000000866,000866,bearer ea5e7e90-9717-4d5f-9a92-2982e62c308b,
13000000867,000867,bearer 903e2577-ac89-490d-b8b4-4c87d2dca40a,
13000000868,000868,bearer 50268150-5ae0-4c3d-8252-7b43603ebec4,
13000000869,000869,bearer 784cf0cf-1011-4db4-b39f-eec39d4b8d97,
13000000870,000870,bearer cafd30f4-3bff-4e8d-95a2-d78b2b069a65,
13000000872,000872,bearer de1dfc93-9a5f-4914-b37a-8f5af27a4013,
13000000871,000871,bearer 31b3640f-a647-414a-9085-02f7b7a5c377,
13000000873,000873,bearer e5395c95-e43f-4dfb-b578-e6da06dfc2ed,
13000000874,000874,bearer a32240d2-3622-4e7f-9d7e-428adf5fbf7a,
13000000877,000877,bearer b460a001-cd48-40bb-a918-8027f063cf0f,
13000000875,000875,bearer 4a3f5c47-3136-4817-9448-97dacde352a5,
13000000876,000876,bearer b4d63765-2c9f-4da4-8e26-4dcf6e866158,
13000000878,000878,bearer 5f35252b-e2a6-45f3-afac-8559c7b719b7,
13000000879,000879,bearer db7f5077-671e-4b10-8660-e2fa829613cb,
13000000881,000881,bearer da9ad86e-6679-4b20-8f74-c00d8316933c,
13000000880,000880,bearer ad023636-a952-40f9-8de5-57b3df860de7,
13000000882,000882,bearer a6e937f7-f15e-497c-97f8-198bbf203140,
13000000883,000883,bearer f534e6b8-f436-4771-89cc-6574934bd27f,
13000000884,000884,bearer d32f0d1e-9924-4189-9178-7f911c0314ce,
13000000886,000886,bearer a8d8841a-5862-495e-aa92-6b4cb1aab683,
13000000885,000885,bearer 3095fa80-856a-4845-820d-3272fa830933,
13000000887,000887,bearer 5f00670c-c6f0-40fc-aaf7-43e85edc0dac,
13000000888,000888,bearer 109d9dc9-c7bd-4ab2-a1fd-fc6204460779,
13000000889,000889,bearer af376a6d-dcfe-41e9-991b-7f985bf75876,
13000000890,000890,bearer 617578cd-3224-41da-a6e9-f2ae9a2652f8,
13000000891,000891,bearer 04982506-5920-4b39-b57f-ec05f214a932,
13000000892,000892,bearer d37e295e-2caa-4e76-b232-6fde5875ac99,
13000000895,000895,bearer 1eba93d7-766c-4670-9c44-a83456a74cb9,
13000000896,000896,bearer f194c1e9-ebb6-45bf-ae70-9bf987dd22e5,
13000000893,000893,bearer 34bc8ec0-7d0e-46f2-8afe-9f310a96ef51,
13000000894,000894,bearer c3b91f3c-a217-4b47-a838-7112248ccdb8,
13000000757,000757,bearer 61cf1b22-1ff9-4bcd-b038-8be23acf7515,
13000000897,000897,bearer ddffe6c3-0031-4564-9a23-2a9675e7cc32,
13000000899,000899,bearer c41e4a33-00da-4b94-9cbc-7fa7e046bcca,
13000000898,000898,bearer b96f64f7-8cd5-4900-8b3e-23966fa80727,
13000000900,000900,bearer 974e4c8d-ddbf-49a9-b911-c6427d9b19d1,
13000000901,000901,bearer 85d1ed37-ea0b-4ff0-b7a6-760ee81848de,
13000000903,000903,bearer 4cf07496-c951-43b0-bf82-02839ee6b946,
13000000902,000902,bearer 38f98dbc-22de-47b3-b87e-0b6894ace182,
13000000904,000904,bearer 99616c1f-a791-4b03-8caf-bba6e51a60c9,
13000000905,000905,bearer 9eb12a5f-57c4-4d88-89e0-c6c1849477a7,
13000000906,000906,bearer 8ab7a63d-770a-4142-ad26-97c704924559,
13000000907,000907,bearer 181cc7cd-c579-4c09-8b78-0ac28b45f051,
13000000908,000908,bearer b03c371f-f758-4496-97ef-1442a810f8af,
13000000909,000909,bearer 8c1203e3-e056-4462-bd74-fe080d7a9320,
13000000910,000910,bearer 82ec091f-5092-4234-aaee-7fa24c0b5b5b,
13000000911,000911,bearer de95416f-2332-4a9a-8367-0b96798fc60f,
13000000912,000912,bearer 3f9970d9-8a6c-43bb-8343-9073f84c0796,
13000000913,000913,bearer 235865ae-f679-4d6a-81c8-8e9c51f82d1e,
13000000914,000914,bearer 2981fed2-ddd5-41e9-b97f-7aefa5a8d8b3,
13000000915,000915,bearer 49ea902e-149a-4765-8c75-cb9b0687e3f3,
13000000916,000916,bearer 74723b40-eba8-464a-a677-99b32278ed36,
13000000917,000917,bearer 7176e95a-83b8-4bd4-861f-0ba9de1f2da3,
13000000918,000918,bearer 934b73ab-f8be-4003-8c5a-835e2ace1636,
13000000919,000919,bearer 7998745d-31e7-4e93-ae51-52b6bf06eab7,
13000000784,000784,bearer 70ae4089-2ce2-4747-8d68-f6fa3fd23383,
13000000785,000785,bearer ebfe5b71-ec96-4396-9b43-f2db795380f9,
13000000786,000786,bearer 75dea81c-9a4d-4e71-9695-573af344961c,
13000000920,000920,bearer 58b11977-8ed7-46ff-b8ef-35fd2f565648,
13000000921,000921,bearer ddbe0027-c8fc-4845-852e-edd321763ccf,
13000000922,000922,bearer 09b62862-ff60-4ae8-af78-41412740b524,
13000000923,000923,bearer b840e84f-b32b-44de-b744-a0dd007e05cd,
13000000924,000924,bearer 7cb34d52-1a16-4892-a777-7c3ef2b536a8,
13000000925,000925,bearer baa72a70-404c-4134-868a-77ee0a3303da,
13000000927,000927,bearer cd325972-5d86-4632-94ca-020b22186bca,
13000000926,000926,bearer 23007f49-59d4-46af-b50f-0c16e4e7340e,
13000000928,000928,bearer 94057d14-725c-4f44-a972-1e8a189da7fc,
13000000929,000929,bearer 0c527ccd-6436-4ab0-82dd-9b214d765656,
13000000930,000930,bearer 83e26b14-b1f8-4651-b371-bb890e0a5ce2,
13000000931,000931,bearer f18e0077-320f-4525-b773-4ce8658c3609,
13000000932,000932,bearer d80d258a-dc3b-4636-9b84-c042f7a01d18,
13000000933,000933,bearer 1e60af89-b549-4463-aeb6-c359cafeb10a,
13000000934,000934,bearer ca473f46-fc5e-4d93-a534-07ddc2e1fd73,
13000000935,000935,bearer 718401ec-2e42-48d8-878c-77e2b45ab282,
13000000936,000936,bearer 0b0086f1-d773-41bd-abd5-2b289577f54b,
13000000937,000937,bearer ba7cb213-5db0-494b-ab7d-befc9a29f235,
13000000938,000938,bearer 8130fb14-0a3d-44d7-b4df-a004a71ddf9f,
13000000939,000939,bearer e0ed4a5f-435c-4e04-aca3-f5ee9b3e8206,
13000000940,000940,bearer 28cade9c-2fff-47bb-b5f7-8fec9d997181,
13000000941,000941,bearer 9e998f18-195f-4761-bd4f-950ac96e948a,
13000000943,000943,bearer 00d97477-e580-4fc4-8d4d-5a80bdd5e73b,
13000000944,000944,bearer 7c62d913-cec0-4f13-9e35-0a9d004c4f2b,
13000000946,000946,bearer 8c05899d-8aa4-4d46-b38d-dbf8fa1c5082,
13000000945,000945,bearer 25e9e8fa-2ddb-4da2-b550-53537d7ce401,
13000000948,000948,bearer 3c8553cf-7048-4a90-9ff6-ac1d23e268a9,
13000000947,000947,bearer 60639aaf-4c75-493f-bc3e-89fadb1e1734,
13000000949,000949,bearer f308696a-5f0b-4880-86ff-329df4edfcae,
13000000950,000950,bearer 1881ff39-b5de-47b4-9e53-481d10b3fd7c,
13000000951,000951,bearer 31468ceb-c95e-4f79-bc7e-c456063dc6b8,
13000000952,000952,bearer b4ae30dd-646f-4b07-b0f4-aaa78c0ce95b,
13000000953,000953,bearer 0512fbe5-6001-470c-a748-afd82236dcc4,
13000000954,000954,bearer 4347085f-82ad-49ec-9459-07aa90bed750,
13000000955,000955,bearer 5c85dbef-be3b-46dc-b748-4569aacecaeb,
13000000956,000956,bearer e2d5269e-a8ee-4bd1-a39d-12972c34c46d,
13000000957,000957,bearer f41513b0-42d9-4141-90df-4362a7c32ebe,
13000000958,000958,bearer 7b9ca91e-1df8-4593-adf1-dfecf51c3fd8,
13000000959,000959,bearer 76a8049d-44b3-4092-b13f-949127ea2191,
13000000960,000960,bearer 41944d73-d9ef-4dba-88c0-b0fec535111c,
13000000961,000961,bearer e6e5af4e-e190-4985-9327-0985a4da227f,
13000000962,000962,bearer 9ea4f466-ec9f-402c-b005-1387396a7545,
13000000963,000963,bearer 2ef294eb-29c4-4bcc-9530-eaa1797cb652,
13000000964,000964,bearer a26b2a02-9dcb-4eee-a472-921c6fd8aa0d,
13000000965,000965,bearer 7215bd20-0230-4167-81dc-01d7289538a6,
13000000966,000966,bearer ca584f10-3cff-4d1b-97de-5435e648ac5b,
13000000967,000967,bearer 56904c39-f507-4f37-956b-aa37b2687f72,
13000000968,000968,bearer bd2802e6-1b7c-43f4-bcb9-e4b71a360e29,
13000000969,000969,bearer 2309ae38-41bd-4086-ab2c-390f0f035267,
13000000970,000970,bearer 6b03cea4-6261-40d6-b8d0-b02e209df41d,
13000000971,000971,bearer 863de6dc-2fc3-4d5c-8d39-49f7acf69043,
13000000972,000972,bearer bfd990b3-e77f-40d6-b06f-29f8ac6499e8,
13000000973,000973,bearer 1d8b3ae2-053d-4433-bec7-6264d4c85ed6,
13000000974,000974,bearer 718acb6f-ee69-4ed1-a450-6896e0f96296,
13000000975,000975,bearer e1b80bbb-f2a6-44f7-ba29-9c47edee1a42,
13000000976,000976,bearer 2aac5444-6e55-434c-beb9-1ab1c8afbee1,
13000000977,000977,bearer 7b9ddc67-abae-4eba-88c1-d562e1041922,
13000000978,000978,bearer 3258fd6b-8ed2-460b-a6a8-aa259a020840,
13000000979,000979,bearer 169b886e-6da5-45e9-a237-8106ec6aba4b,
13000000980,000980,bearer ff21f227-151f-4461-9370-95d9d1bad6f4,
13000000981,000981,bearer fd424bc8-437a-4326-8901-2a3534c8bdc7,
13000000982,000982,bearer 722df58b-4acf-4246-b95f-7a46d2828bbc,
13000000983,000983,bearer e6caf8f4-75f8-4409-9688-84b118cff5fc,
13000000984,000984,bearer 238f42e7-ca2a-4fea-a003-8c181fe83818,
13000000942,000942,bearer cebef010-fc5e-4663-8ebf-afe97026bec5,
13000000985,000985,bearer 9521384d-ee7c-4236-8e76-1e7ffc06a0a1,
13000000986,000986,bearer 660273bb-a9c9-48a0-87da-d1afa5fb3ecb,
13000000987,000987,bearer 6f5030c6-ef71-4c3a-9b4e-a9b308a07979,
13000000988,000988,bearer 8ed7a8bd-f506-4590-8810-e6144c0ac6b5,
13000000989,000989,bearer 833578ea-d7f0-4c55-8f39-fe219b4be3b9,
13000000990,000990,bearer eff51684-e2e5-4982-9516-32786cd49e9b,
13000000991,000991,bearer b6106138-6d4b-4df7-b1e2-61fa7bed4f15,
13000000992,000992,bearer 179aa6b2-a13d-4adc-b337-22d6c684a5cf,
13000000993,000993,bearer d7d89ea1-189f-46bd-9b53-13fcdf09cd8d,
13000000994,000994,bearer 54b52785-4e91-4e8e-b825-354431f8233a,
13000000995,000995,bearer 1f1f0a47-50a4-4ba9-be6a-658f564b99f6,
13000000996,000996,bearer d0d268ef-4791-4686-a046-8d440b8967fa,
13000000997,000997,bearer 5bee669b-5209-4ac6-b553-3baaa8c6980d,
13000000998,000998,bearer f4a4c536-5d7e-4523-8e3b-5e55b70882e9,
13000000999,000999,bearer 25ce2586-4f3d-46df-bf6c-0f5eccb34a03,
13000001000,001000,bearer 13e2d1cc-3e33-4de1-bb5c-f8bd42b80152,
