13000000000,000000,bearer 55a2e112-c94e-45c1-a6c3-b6036feead1e,
13000000001,000001,bearer cc3add8e-d2f5-4394-ae46-35e44f2590df,
13000000003,000003,bearer 5e4e1d14-1af5-4a30-b507-52726fb29c0b,
13000000004,000004,bearer b46d3cb3-1f11-4531-8ea4-2c37a287c4f1,
13000000005,000005,bearer 9b80bece-8b2d-4d55-b286-c688f1bd62de,
13000000006,000006,bearer a8ce9e87-5910-4a33-a26c-94888dedf12d,
13000000008,000008,bearer 09a31e59-384c-450a-b7d7-045a7f3404d2,
13000000007,000007,bearer fc13fad3-882b-4e25-a877-17edeaae3715,
13000000009,000009,bearer eedf7164-be69-4377-8278-113a3de1009d,
13000000010,000010,bearer 52b72c66-893b-4fd4-a670-cdd673fec684,
13000000012,000012,bearer c66f50c5-f46d-4f68-a3c6-a1b85a4a3287,
13000000013,000013,bearer 530364c2-bd6e-489c-b298-cbe326cd4926,
13000000011,000011,bearer 231f881b-bdad-4331-a4fa-093729abaf00,
13000000014,000014,bearer d32c1bfe-ec2f-4e24-b964-1f93c7fd9f1d,
13000000015,000015,bearer 51437178-8ef9-46f0-8ae7-f6c353575af9,
13000000016,000016,bearer 5c9ff09c-f351-4820-95cf-e0167c739cc7,
13000000017,000017,bearer 5fa9aafe-2f1b-4bc2-9b12-d0d838630d2a,
13000000018,000018,bearer e893cd58-8e61-4712-83ed-fc8ca1ce06ed,
13000000019,000019,bearer e1c7d212-b313-4e2e-a3a7-8a26c3677526,
13000000020,000020,bearer 033299b2-b086-4397-a340-1912633c1d91,
13000000021,000021,bearer 8982c394-527c-4611-bc5a-c8f62cd9b4fc,
13000000022,000022,bearer 577cd984-54c0-430a-94eb-c757423d7f47,
13000000024,000024,bearer 74d1cdad-9d86-4889-9d15-f169438616a8,
13000000023,000023,bearer a8f6fb40-77e9-453a-9d9d-c389a2550913,
13000000025,000025,bearer 0e4a4014-1730-413b-a422-cc56b2c7abe4,
13000000026,000026,bearer 4e7a70b8-e1b9-41f3-9673-8ddfa3e9c973,
13000000028,000028,bearer ee6da7a5-864c-4f44-ac39-c7c4c98660ea,
13000000027,000027,bearer 893ddd00-7264-494e-a65e-b3d73eb2fde1,
13000000029,000029,bearer 307ed73c-c631-4e96-bc27-df3e536acc5b,
13000000030,000030,bearer 122ec26b-3d46-4d05-ac7f-863d4ab5105d,
13000000031,000031,bearer b03cf732-88e3-4234-bd7d-1c2afdaad2c0,
13000000032,000032,bearer 4addae6f-e0d9-4557-8d1a-bd1e3d382b4d,
13000000033,000033,bearer b1765e31-f42a-4628-9a8b-4fee068cd396,
13000000034,000034,bearer 834501c5-8c5d-40b2-b6f9-b49e40b28367,
13000000035,000035,bearer ce324577-eaaf-420e-b03d-3ed7bfc2f1eb,
13000000036,000036,bearer 27cb414a-c16d-45e6-b80d-fd353086adca,
13000000038,000038,bearer 9af49f4c-1e5b-4083-b7ef-9ff98da709e1,
13000000037,000037,bearer 9f46599b-7db1-496d-8c83-11e8663a24cd,
13000000039,000039,bearer 77b39326-ede7-4030-8ef6-392c29eae9f0,
13000000041,000041,bearer 7fc8c34f-b82c-47ee-8c26-a510ae5a51b5,
13000000042,000042,bearer f2365e4b-a15e-4b01-acb2-6edf65eaab73,
13000000040,000040,bearer 1d7800fc-2e9a-48b6-a45b-6e0a1348291b,
13000000043,000043,bearer d600861f-8f05-41f9-826d-cebd34095d58,
13000000044,000044,bearer 7bb75f2e-20d8-4917-ac0f-a05c33a95eaa,
13000000045,000045,bearer 82ddc6e6-ab63-4b12-be31-8e8b67918208,
13000000046,000046,bearer 36d25679-f440-42d0-9f23-f80816b4b8dd,
13000000048,000048,bearer 730c721f-1be9-44aa-93be-dfdacc528de5,
13000000047,000047,bearer 8ec703c1-e470-45cc-98cc-fe5b66aa613e,
13000000050,000050,bearer 43422fd0-0f22-4d2c-a072-dbe904e98203,
13000000049,000049,bearer cea5bde2-bcd0-46ce-91d7-188b9e1306d7,
13000000051,000051,bearer 583a14db-1f05-4208-9627-4dcf7cb12900,
13000000052,000052,bearer 2229dc76-f602-465a-862a-b2a8a126988a,
13000000054,000054,bearer 6b69a54a-1cc6-480f-b26c-090272fad333,
13000000053,000053,bearer 31c36726-0bd0-47d2-a341-05f34058d2da,
13000000055,000055,bearer d107a02a-932d-405c-850e-ca1aa0ffbb4d,
13000000056,000056,bearer 326aa45c-9de7-4010-8ccf-42a494e914d7,
13000000057,000057,bearer 57ef8385-de94-46fb-8c12-5d1b4ff6cfc8,
13000000058,000058,bearer f990cc93-aaf3-4228-a8fa-5088440147fe,
13000000059,000059,bearer bb5d248c-4276-4f05-8f57-9471a9b8b361,
13000000061,000061,bearer 1954478b-7a29-417b-8386-aa2bbb082869,
13000000060,000060,bearer 320978fe-32e6-4c45-8c39-71bf065c2abf,
13000000062,000062,bearer 5aa413ad-220a-468d-836e-09035d57df5b,
13000000063,000063,bearer fab8d9d6-9b4e-4942-b1af-ed7c08d8018e,
13000000064,000064,bearer 599fa78d-3647-4c6d-a537-1b8e537b155f,
13000000065,000065,bearer 6dca1ba6-3847-4d3a-aae1-f22105071c35,
13000000066,000066,bearer 67e16396-b2bb-4459-ae33-fed56a482d3b,
13000000067,000067,bearer b2cf5297-abf0-4425-b1c6-b66aa40c1e4d,
13000000068,000068,bearer 56707c5b-44c0-46fa-8130-83245f998bc6,
13000000069,000069,bearer eb052c3a-3a76-4434-8779-0debf3802094,
13000000070,000070,bearer 13054bea-5c68-42b7-bc96-6efeb26226f5,
13000000071,000071,bearer 9da1c825-5df7-4950-9ae1-2533babceb59,
13000000072,000072,bearer 310cb01c-4dd8-44ad-a505-4151538a6ab5,
13000000073,000073,bearer c46652f7-1f48-40b9-8e3c-b4b2b284a11e,
13000000074,000074,bearer 5ceb7230-153a-4d64-805b-0c7db45fb8d1,
13000000075,000075,bearer 5407e84a-23b2-4dff-a0bf-ed8d09212048,
13000000077,000077,bearer aa54eda7-cf46-4567-8d70-8429981df980,
13000000076,000076,bearer 589d5c5f-4125-4db9-8d6a-c4e4f55b7ae4,
13000000078,000078,bearer 1d8f8d56-df23-4259-8023-99a3cce6ccb0,
13000000080,000080,bearer f75c0038-4076-40bf-b9a1-0febf6902233,
13000000079,000079,bearer e496d8df-4d4b-4f28-b155-3a9980a6265f,
13000000081,000081,bearer 1639527f-bfb4-43ba-874a-9df12802404a,
13000000082,000082,bearer 3c73570d-ae4e-4f41-bc00-3ad134a7f655,
13000000083,000083,bearer 7e89bc9a-bd72-4b08-95d1-4852737f01ce,
13000000085,000085,bearer 513e744f-265f-453b-b832-45a7cfabfede,
13000000084,000084,bearer bd88646c-d07d-4b2b-83e8-aaae322c2b45,
13000000086,000086,bearer 1e510ec5-0f01-4a52-b7b3-c45c4ee61f50,
13000000087,000087,bearer 6ccdbbf8-2279-4556-bc26-f0969f784336,
13000000088,000088,bearer e57778f8-87ca-4336-8f6d-c618d91aa14c,
13000000089,000089,bearer fda1d2be-11eb-4164-b8c6-c1e657c85358,
13000000091,000091,bearer f68312a6-eb06-4c5f-813a-9b1eb3662a7e,
13000000090,000090,bearer 62806a3f-8a0e-412d-8f42-58665af60fdc,
13000000092,000092,bearer 70482c8e-e2ca-48fa-9900-91317265c690,
13000000093,000093,bearer bcb6b6f0-7c35-4937-ac49-9ba13f48bba7,
13000000094,000094,bearer 8c94f01d-7c02-4722-9774-d85d0046317e,
13000000095,000095,bearer 95bad914-03b7-460f-a7a3-d9619814ea02,
13000000096,000096,bearer 38b7539b-9977-4b1e-9d26-03febe3ff9c7,
13000000098,000098,bearer b7f71f2b-1010-4b43-b5da-93c48af0ac4b,
13000000097,000097,bearer 7701c3c4-89fb-4ae3-82f5-ec17b11265b7,
13000000099,000099,bearer c8d05622-b999-43b8-a96f-5df044b8cac0,
13000000100,000100,bearer bc62a7ea-6926-43fa-8577-21f733c641fc,
13000000101,000101,bearer accb7b8d-82a0-4b74-9ac5-7a155357ffff,
13000000102,000102,bearer 796a5b30-7f45-4583-96f9-aefc11aeaa4b,
13000000103,000103,bearer 8fabd147-b54f-47ea-9091-2e1d35bb8fc5,
13000000104,000104,bearer a337361d-fcbd-454c-9114-4560e39db48a,
13000000105,000105,bearer 739d0102-b0de-4da9-b407-718ba4faa6fd,
13000000106,000106,bearer 1e126b1d-d09e-43df-bed5-189554bd2372,
13000000108,000108,bearer f0eed35e-2f40-44be-891a-bb885a38aa1f,
13000000107,000107,bearer f7b9ddc7-5e2e-45a8-88a2-fed3205cd862,
13000000109,000109,bearer 31210d67-fb9f-4a64-b647-98c2be928dcc,
13000000110,000110,bearer 19937bdd-602b-4059-a08e-219bd705d232,
13000000111,000111,bearer 76c9a50d-326f-49d0-89c3-674bb8ae2308,
13000000112,000112,bearer 216d0953-d3cf-4a65-9d07-fa4c3a0ad9aa,
13000000113,000113,bearer e4d157bb-1b6d-4085-9fef-260a0d606123,
13000000115,000115,bearer b75e6668-8c62-42ac-91d4-10dadb96dc0d,
13000000116,000116,bearer fa909075-26b5-423f-b5c1-877850d0724f,
13000000117,000117,bearer 456d6817-ca78-4ecb-8a04-470fb222e31f,
13000000118,000118,bearer 39a76fa1-f4da-442c-862a-db8732e0832f,
13000000119,000119,bearer a14ab367-ce74-45bd-b2a9-4a0fdd6f2abb,
13000000120,000120,bearer 516e7f91-d869-4d05-8f08-fec83f45ecf6,
13000000122,000122,bearer ceafb003-a7a1-4fbc-9e1b-ea485e2741c7,
13000000121,000121,bearer bda7ac0e-5c09-4e6f-b52f-2e665c45f6f2,
13000000123,000123,bearer 742ffa84-3ea5-4f33-a971-b16b5c58ab79,
13000000124,000124,bearer 2ef06a54-7843-4828-a827-f58949a1e844,
13000000125,000125,bearer 7212fc5c-2236-4a7d-b6a4-bc3a25696866,
13000000126,000126,bearer d9b61ac2-f8f3-4e3c-bdef-97a999e2ec4b,
13000000127,000127,bearer 1e41dcf2-d415-484d-8a39-8abe6d486497,
13000000128,000128,bearer 7c18ec85-0a38-44c8-a10b-535a2e5c0f24,
13000000131,000131,bearer ae793ea4-f72c-44e7-bbef-f786fc7c1b41,
13000000130,000130,bearer d7c584bf-a745-432c-8362-6419a892bc30,
13000000129,000129,bearer 24285e23-677f-488c-b109-a84211c47568,
13000000132,000132,bearer 5ef9d85f-2b41-4f57-a3ce-5da935ee8f9d,
13000000133,000133,bearer 176153c7-244c-44c8-bd50-2579e9f0cc06,
13000000134,000134,bearer 35722dd4-320c-458a-9b7d-a270be7f9066,
13000000135,000135,bearer 28619a54-f4c4-4297-a942-ac57dc09c1ee,
13000000136,000136,bearer dfcb50b3-b954-4e9d-8376-bbc041b45cbc,
13000000137,000137,bearer 15539bf0-715e-4e44-96ae-008e9846b044,
13000000138,000138,bearer 506a5c48-5ea9-4af1-baaf-7a57a8a916fc,
13000000140,000140,bearer cbb4f4ee-438f-4fb8-a3f1-fadd36d855fa,
13000000139,000139,bearer 6dea189b-8ced-471f-8ae5-56c798ea8666,
13000000141,000141,bearer 5fb853dc-2c17-4429-82cb-6f7361f9c06f,
13000000142,000142,bearer 3ad10724-24c9-4cd9-99cf-c36e154bc754,
13000000143,000143,bearer 1192ea35-5f37-482e-9ece-b88340e16b2a,
13000000144,000144,bearer 52874b87-f8be-4838-92c2-61ee127e45f0,
13000000145,000145,bearer b5c36ce1-fcaa-403e-b414-eed9dec717c3,
13000000146,000146,bearer f5146c9a-8282-422a-aed1-5395eca85e3b,
13000000147,000147,bearer f2b74946-84ba-4b7e-8873-648249ecd221,
13000000149,000149,bearer 9077f9da-2c54-4953-bfb1-a3ea47c3a5ee,
13000000148,000148,bearer 86dc7425-43f2-4ba3-a37d-0783801b5f84,
13000000151,000151,bearer cffd0874-2b6a-4bc0-abf2-c07de4ec0db1,
13000000150,000150,bearer b7e1d25b-8582-4327-974c-303b7e39adc0,
13000000152,000152,bearer 44f0681b-2260-4ee8-9927-e366b22bc31b,
13000000153,000153,bearer 54ce1ccb-0c8a-44ab-afc0-143f29640857,
13000000154,000154,bearer 8c6844b7-2e6b-4e3f-9352-00cbe11f9dfd,
13000000155,000155,bearer 87bab9ec-123f-4190-a67a-22d6b9e57cb3,
13000000156,000156,bearer 5e2738b0-0bd5-492b-bbf6-00d450919813,
13000000157,000157,bearer 5d281459-3f62-44d2-85eb-5436508c082d,
13000000158,000158,bearer a30e7424-ddd3-46da-9031-b41c8372099d,
13000000159,000159,bearer edcd19be-3163-4feb-ac2f-12613c139b62,
13000000160,000160,bearer 85aa2e84-2a35-47c6-9690-5536cb37a272,
13000000161,000161,bearer 35318c6f-6bf0-47e1-9ddb-7e015f0e3a8d,
13000000162,000162,bearer 3ba4fcfa-2f9c-4ec0-be4e-513bc96aec24,
13000000163,000163,bearer bb2c8c7b-55d4-4d9a-b9a2-e922edd26adc,
13000000164,000164,bearer 967a8e03-5511-43f1-bf8a-f0912fd3e090,
13000000166,000166,bearer bda84af5-a209-48c9-a942-d992c53a338d,
13000000165,000165,bearer 6e80c537-b372-4cae-a976-54e3db198981,
13000000167,000167,bearer d2d8f495-285f-40eb-a586-75afc864d924,
13000000169,000169,bearer 74303950-a0a1-45e3-968d-fb2e6328ca62,
13000000168,000168,bearer 57a323dc-4224-4d1f-914d-ae570e334776,
13000000170,000170,bearer 43139600-1abc-43fa-9b6c-2db4e835efd3,
13000000171,000171,bearer 062f5485-5161-4bcf-801a-cac2191eefe6,
13000000172,000172,bearer 49c75f40-8c70-4f0f-942c-6448f45be60c,
13000000173,000173,bearer ab4d50b9-fb43-47ea-adc2-846223222c35,
13000000175,000175,bearer 795dd980-1ded-406e-9592-24552de7dea1,
13000000176,000176,bearer 31e863c4-d1cc-425f-a565-27af8f0f3d04,
13000000174,000174,bearer f0ca6d63-508c-44ae-b7ba-1abf3a2c22a7,
13000000177,000177,bearer e4bb4d89-0bbb-43c7-bb22-f05e44b22709,
13000000178,000178,bearer 8644f998-4bba-4071-94e2-e91e096c425f,
13000000179,000179,bearer 39cc516f-ccfd-4183-91e3-04af362b051d,
13000000181,000181,bearer 7013a955-eed8-4e97-834d-6c474c0d85d9,
13000000180,000180,bearer 6afca443-e75a-4873-b747-8591a57a6d0a,
13000000182,000182,bearer a7cdc1f3-312d-45c2-80eb-1ab5273802ed,
13000000183,000183,bearer 7d7d91f5-6aef-4c39-8ba1-3d01117c9006,
13000000185,000185,bearer 63296c86-e892-4c00-bb8e-cad60d61c9a8,
13000000184,000184,bearer d961b594-9ade-41a0-a9b2-4404e1d980e1,
13000000186,000186,bearer ccaa761f-d831-4bdc-8de3-5ed2d4a53d42,
13000000187,000187,bearer df153532-f125-4437-a4fa-b00098b46e93,
13000000188,000188,bearer 2178b567-3649-42e0-a71c-c49af0c9c706,
13000000190,000190,bearer 92bd4dcc-405f-46a3-a382-4b907459c90a,
13000000189,000189,bearer e63e7d28-f3d3-4bc4-b82f-516f02616bb2,
13000000191,000191,bearer c13519ba-94b5-4bbc-b253-c258a8006c6d,
13000000192,000192,bearer 3314f9c7-58e7-4563-a2fe-9fd8d5b15c08,
13000000193,000193,bearer ef22f40d-4c55-4d8e-9c65-82fc83aff8f5,
13000000195,000195,bearer f1b6d8fb-40e4-4854-8f56-437375789eaf,
13000000194,000194,bearer 17b4f53f-b914-4489-90a0-596094106ba4,
13000000196,000196,bearer 667cbb5e-39fc-4775-8f2b-42e14f2fd410,
13000000197,000197,bearer 7d0c0871-fd13-4d8a-98e8-18f00b2d6da7,
13000000198,000198,bearer 330e3b97-148f-43f3-9906-51cee81cd93c,
13000000199,000199,bearer ebcec249-e853-4589-b663-6aa627b1bec7,
13000000200,000200,bearer a115bf72-f561-488b-ae5c-b8a2fad4b415,
13000000201,000201,bearer c936b30f-76ad-4e56-8bf3-3506548e9748,
13000000202,000202,bearer 0680a1fc-c720-4d80-9448-c4fe14da67f2,
13000000203,000203,bearer 54108431-908e-4fde-8d3f-766eb8746e96,
13000000204,000204,bearer fd813d6b-ac76-46a4-a83d-c4c450bb90d8,
13000000205,000205,bearer 42962028-e723-4d9f-887e-ff9f709d8e3f,
13000000206,000206,bearer 5a107669-2d91-418e-abee-a65a758c677b,
13000000208,000208,bearer b8b30559-1d44-4ce0-9186-24ce6a1351e9,
13000000207,000207,bearer 5b80f28e-a0bd-4922-aff5-2868e3319c03,
13000000209,000209,bearer 559bf649-459c-4409-bcff-a6e7c2bf263b,
13000000210,000210,bearer bc937944-4d4b-4bfb-8d98-a9528c784a68,
13000000211,000211,bearer da1ecdea-3322-4813-b762-a0cbd3236c76,
13000000212,000212,bearer e8c25d40-54f5-40a2-9d8e-67333ac0fa64,
13000000213,000213,bearer 7bd39843-5aae-4ec9-a2f6-59bc3c12ab41,
13000000214,000214,bearer c300c914-ecc9-40f6-8ed1-1e212b124975,
13000000215,000215,bearer d8118777-20f7-4290-a3e9-09c569a0c0e8,
13000000216,000216,bearer 92fedd57-1696-4e89-b24e-fb1c6af0abdd,
13000000217,000217,bearer f9312db3-84d7-426e-9e19-cfc36bbb60bb,
13000000218,000218,bearer dc8f27ff-4b32-4e9a-88f5-48883b343522,
13000000219,000219,bearer e0fa2caf-bbb2-4532-9c84-661937914477,
13000000220,000220,bearer f253c1b9-7a4b-4799-949c-9d47ee5d0ece,
13000000221,000221,bearer f2aab20c-f5a4-4078-881e-9a4e217510ff,
13000000222,000222,bearer 0e20fe9d-fa40-4450-835c-9e7a0c87b03f,
13000000223,000223,bearer c4fdf6ff-c3c7-41e8-b876-3bdd530b25f6,
13000000224,000224,bearer 2dbe92a3-82a1-4fa9-b373-fd2896f73b65,
13000000225,000225,bearer 57ce50ae-f046-4e70-b5e0-136750c85564,
13000000226,000226,bearer c259b341-bb7d-4b45-9520-3ffacd826940,
13000000227,000227,bearer 54d6ffd3-1787-4df2-a199-0dbae16b8d89,
13000000228,000228,bearer 9d65fb2c-9512-46b0-8eea-90037544db4b,
13000000229,000229,bearer d2ad1e0d-0343-4c2f-9dc2-5eb0635f403e,
13000000230,000230,bearer 6282395c-3c47-45c7-b733-fbfebbf3d84f,
13000000231,000231,bearer 75bb35da-d1a2-4e42-bb02-151a10e38d33,
13000000232,000232,bearer 40588535-6e54-49b4-a011-1321d0381208,
13000000233,000233,bearer d8cd9cdc-fcfc-4504-a7a9-5f94e5b29b40,
13000000234,000234,bearer 7074b9c1-df25-46a9-8fb5-e81d52348400,
13000000235,000235,bearer e679c92f-a756-4547-ae90-81098d587fcc,
13000000236,000236,bearer 96676615-82d5-4e42-b764-5c2992fa8547,
13000000237,000237,bearer a37b1083-f40e-47d0-b67a-3338b8a32c5c,
13000000238,000238,bearer 0d90e73b-dead-4554-a6be-c22905b5738f,
13000000239,000239,bearer d2d1836c-f18e-424f-8e13-1bf743313fd4,
13000000240,000240,bearer d79b8938-232d-4652-95a6-38355b55dabb,
13000000241,000241,bearer cac13ea1-64ce-465d-a99b-d754a02d0291,
13000000242,000242,bearer 1a3a3a0e-b920-4bf8-95ed-df3c409fcdef,
13000000243,000243,bearer 44680a17-3bfd-460a-a66d-9d5e640bd416,
13000000244,000244,bearer def9d2d7-c324-4f56-9117-f7bae9b9fa7a,
13000000245,000245,bearer 85ce5416-fcb1-4cc3-a56a-ca13e21ee6fd,
13000000246,000246,bearer 65383434-e95e-4402-a2e5-a49b49a7b350,
13000000247,000247,bearer 3e7c6690-88e6-4436-822a-6772e33d7cca,
13000000248,000248,bearer fa5f112b-ec5c-4418-96c2-82185d3ceec1,
13000000249,000249,bearer b1817e74-df2f-4d78-be18-78a838a5491a,
13000000250,000250,bearer 85754e5c-276e-4de1-af75-ca5b8e24b6a2,
13000000251,000251,bearer 8bc2b6e6-0ff0-437e-ab05-160a19c9fee8,
13000000252,000252,bearer e8d88efa-1822-4f42-8949-94e104f86752,
13000000253,000253,bearer 8104914d-2756-4211-920a-659961f0d7b0,
13000000254,000254,bearer 87be133a-5582-419b-8d88-5412c98da08c,
13000000255,000255,bearer 696fd3e9-1000-4a8b-94c7-34a346d82dc7,
13000000257,000257,bearer 8df428ad-e6a0-4dea-9cbf-24cdef6f5a3e,
13000000256,000256,bearer 3d979051-70eb-41eb-bb99-ecfb1b6151b8,
13000000114,000114,bearer ae2be13d-8f53-4827-8cb4-9a57729c000f,
13000000258,000258,bearer c4ba5e5e-e810-48fb-aa6e-f4f99d7f42a7,
13000000259,000259,bearer de291160-6b93-4455-bb64-2702b40e2f9c,
13000000260,000260,bearer 8a6d576f-44ca-48c9-9c32-fd3f64208e8f,
13000000261,000261,bearer 3781534e-c9a1-4f34-b25c-640a10b412ee,
13000000262,000262,bearer 3044dce8-c32c-413d-b10d-0ddd6b8818bb,
13000000263,000263,bearer 12e2cd8f-d7fa-4001-bf87-1aba598168e3,
13000000264,000264,bearer f22fb39c-1149-4405-9e20-250b0758f86b,
13000000265,000265,bearer 8d1c58b5-2097-4525-91b4-c2e78d889d83,
13000000266,000266,bearer 9ee4edb8-3719-4108-90fb-0c062bd27cb6,
13000000267,000267,bearer 1425ffa4-9861-4ede-b3aa-84221aaa1042,
13000000268,000268,bearer ba51c947-3120-4470-9448-00d19f6c6973,
13000000269,000269,bearer 4f1871f2-d780-48c6-b76b-d14615f7f293,
13000000270,000270,bearer c8a9f493-6357-4d04-90f4-06b60e9aa93b,
13000000271,000271,bearer 745825aa-18a3-44ef-99d9-d0111ca0d7c8,
13000000272,000272,bearer 248e4147-93eb-4125-81b6-551fc6b643ba,
13000000273,000273,bearer 5c72fbd0-ff20-4871-b69b-91d5d4d5f899,
13000000274,000274,bearer eecca72b-9ab6-46c0-b3ec-ed4c70be10ab,
13000000276,000276,bearer f3291856-c536-46ff-ad1e-f3ef68f273cb,
13000000275,000275,bearer 3cc2dd8b-3f21-4e1b-a366-393256ac9080,
13000000277,000277,bearer 7082ce42-56f0-4932-9666-26f31c5911e3,
13000000278,000278,bearer 64c74851-a11e-4c3a-a4e4-1b5986574b89,
13000000279,000279,bearer b612ee81-13ec-4393-9a0a-4c9081a50b33,
13000000280,000280,bearer ded169d5-5149-4f51-85e5-44a3805fdd61,
13000000281,000281,bearer 546d8407-1d00-4b24-99e5-09489e009463,
13000000282,000282,bearer d4fb42fd-a2e5-40ca-bd0a-65692fd7fd97,
13000000283,000283,bearer 22c048fe-9337-467b-bd44-9ddecdfc48d0,
13000000284,000284,bearer 4e1044e7-ce90-4fd9-9a92-807f7ba72b68,
13000000285,000285,bearer 2b0a983f-41e1-46d5-b78b-7ddb3cd12365,
13000000286,000286,bearer 8de4ba42-0509-4dac-9b33-450486464007,
13000000287,000287,bearer ec76b6ae-5fd1-4afb-84e7-b6df5297c34f,
13000000288,000288,bearer fe707396-d46e-4020-96e0-b16ffb4492d8,
13000000289,000289,bearer 4de83362-ad6c-4169-bd7e-4750fa6c42c1,
13000000290,000290,bearer 5856d16e-6309-49a9-9bc9-96dbe4ee017a,
13000000291,000291,bearer b56a6e43-c29d-4e1b-98df-d0ff8e863b9f,
13000000292,000292,bearer fed90e04-c857-4c08-900a-dc02b18bf966,
13000000293,000293,bearer 5dde2284-1d46-4917-97cf-41127e370d20,
13000000294,000294,bearer 21368cf8-3937-48a4-8b08-6017697cd13f,
13000000295,000295,bearer cbad053f-c704-40a6-b5f3-17664ae00584,
13000000297,000297,bearer fa2daeff-801d-4827-a7e7-c04e54c13c5c,
13000000298,000298,bearer 17d0a529-8564-48a6-87e6-5d3be27fcb65,
13000000296,000296,bearer f0b6e09f-4964-44d2-aa3e-881e774deecd,
13000000299,000299,bearer 20c88ee5-c618-45ae-ac54-49320f8ac4e2,
13000000300,000300,bearer 6d708075-f1f0-4223-bb69-e75789f3675f,
13000000301,000301,bearer 6517cdf6-dedd-4b01-8b06-4623f027b768,
13000000302,000302,bearer 550e57c8-bf41-4572-81d8-62b65d0dd70f,
13000000303,000303,bearer 332fef63-0b9f-45a6-9274-c62baaabc69c,
13000000304,000304,bearer 18cbb10f-5b53-4d8e-a9e0-61b04d209cf2,
13000000305,000305,bearer f516d9fd-2048-4dc1-b97c-a9f5f9ad542c,
13000000306,000306,bearer 00490dcb-b4cb-4469-b3f6-6916e73220d7,
13000000307,000307,bearer d3fdc011-87f4-4580-b0ce-d0cec8586654,
13000000308,000308,bearer b47f9adc-ab95-4782-b276-319f4a900c21,
13000000309,000309,bearer 565d27af-1722-48b9-8792-eaaf82851ba6,
13000000310,000310,bearer a2535d7e-0773-4205-9340-e1585c5208be,
13000000311,000311,bearer 59734179-11af-44df-aa10-f4e846622c18,
13000000312,000312,bearer c9e7e688-f131-4123-8779-404b0e12ecbd,
13000000313,000313,bearer def9e421-03cb-4117-95e7-357118f8da0c,
13000000315,000315,bearer 5c4e8508-f74a-4a2f-b3a1-73d425544c27,
13000000314,000314,bearer 673d8f9a-6f72-45ab-b2cd-d176efa985ef,
13000000316,000316,bearer a4673a77-47fc-4955-8c4d-e1e11d40fe1c,
13000000317,000317,bearer 8bb6f99e-5e93-4810-9716-bea0a8e2a86b,
13000000319,000319,bearer c2e43653-845f-4c0e-bba5-74576ffcaeba,
13000000318,000318,bearer 9800bf7c-b3aa-4470-9ab4-113809c967df,
13000000320,000320,bearer 1b4485c7-a817-43a2-bb29-ab8176d046f5,
13000000321,000321,bearer 1bf97534-efd8-4831-a237-05753293f223,
13000000322,000322,bearer 5fb51b48-e939-4725-811b-92dc9c7ccec7,
13000000323,000323,bearer c8d051d1-8bbe-418a-a2bb-2d60aaf3e15f,
13000000324,000324,bearer 8c1ee194-6cd9-44d8-aea2-d0718fd62723,
13000000325,000325,bearer 9ecfc629-0616-45bd-9f1b-236269d51e38,
13000000326,000326,bearer 74b32c7f-a25e-4dd8-bd2a-70a63c4ed6ec,
13000000327,000327,bearer 89205c34-6f00-45a8-81bf-75bcef5188b5,
13000000329,000329,bearer 14bf4538-d0e6-4bf1-805a-5a8e8ebf8941,
13000000328,000328,bearer 3f357458-f024-4d1d-861c-d0aa931a614c,
13000000330,000330,bearer 11c8c702-4e32-4d77-8d65-71d978370c03,
13000000331,000331,bearer e721abd4-c820-4385-91c4-af01d879e1a7,
13000000332,000332,bearer a9a463c9-7ff6-4759-95b0-f29d472150e3,
13000000333,000333,bearer 4dd64ab2-1522-4d6c-a660-76b13f87e689,
13000000334,000334,bearer 21fb0bb0-07dc-4191-8b6a-d19eb5655612,
13000000335,000335,bearer 54d2508c-1323-489a-aeaf-f2749ec863ce,
13000000336,000336,bearer 42e80f7c-0d80-479f-845c-7780b892d361,
13000000337,000337,bearer 2cc0853c-477f-408b-ae89-dbaae839d8dd,
13000000339,000339,bearer fe9a9d91-335e-4b56-bee2-88c51bc91511,
13000000338,000338,bearer af963f6b-55e4-462f-b52f-b73f27b5672e,
13000000340,000340,bearer 70c9fbf5-3a64-467d-a80e-e433da1bcda2,
13000000341,000341,bearer d818bb4c-8013-4925-b78f-983c0d42229a,
13000000342,000342,bearer 72d43392-cf4c-44f2-ae6b-ba0f1903cbfe,
13000000343,000343,bearer 9ff294c4-cb25-4de1-a4d6-9194f7f81394,
13000000344,000344,bearer b64fcb32-ab61-4f94-98d5-dbdb9c90da32,
13000000346,000346,bearer 96d47cc7-340a-42b0-807d-2d4aaee02198,
13000000345,000345,bearer 8e19a1d5-333b-49bf-a634-5d3297e72d46,
13000000347,000347,bearer c5177ac4-b0c7-4423-89b0-ccccc2e7a3f3,
13000000348,000348,bearer 66b0a4d7-b4b3-4602-b888-ac56ecbf7876,
13000000349,000349,bearer b5139506-b8bf-43b8-a641-2f3694bb3011,
13000000350,000350,bearer e5fdf3b5-316c-4451-ad40-5f3fe4bb5ecc,
13000000351,000351,bearer b8a226a3-219c-449b-95a1-7fc31e2d3e2c,
13000000352,000352,bearer 124dd6b2-1055-45ad-8a06-612502d220c6,
13000000353,000353,bearer 000c9a57-0d06-46f1-8858-bdee6f518e87,
13000000354,000354,bearer 32f69146-f296-4cf4-94db-275efdf430ac,
13000000355,000355,bearer 8f82fe11-d978-44e6-af73-708c73793181,
13000000356,000356,bearer 649f40be-ebca-4930-84e1-6600e181ee0d,
13000000357,000357,bearer 3cdcc63a-2b6d-410c-a840-f46b84016170,
13000000358,000358,bearer d158e258-9994-4d2d-a9ef-a36c69f79cc5,
13000000359,000359,bearer 501416a4-47fd-425a-b61b-e4c8e1d08fc9,
13000000360,000360,bearer 5e411b81-83e5-4ffd-96d8-ca54194734d0,
13000000361,000361,bearer 3d4fd553-90a8-442a-b002-52badecea6a1,
13000000362,000362,bearer b672affb-2037-4395-9b46-2855e8b06fcc,
13000000363,000363,bearer 29c03379-a91c-43f9-a820-f964c6526456,
13000000364,000364,bearer 8d4c233b-0218-4aca-a1ca-c25b077f9b03,
13000000365,000365,bearer 2e294bc7-e9b5-47b6-a8e5-8c25aad4674d,
13000000366,000366,bearer 7802d7f3-60af-4e89-a1ce-51d019337343,
13000000367,000367,bearer 015b0796-bd7b-490b-aaa9-8f12c79486a9,
13000000368,000368,bearer 2782f5ce-5ad4-46bd-9c61-4bc9f94c09c8,
13000000369,000369,bearer 677b9ab4-e9d0-4b6e-8516-7b9bd1ced0c1,
13000000370,000370,bearer 34485f72-9eb0-4f32-b37d-39e1860f8923,
13000000371,000371,bearer d51cf750-f1b9-45a5-808b-4289a58ffb52,
13000000372,000372,bearer e66c6b45-48f4-4497-9c84-aa69e81f14ad,
13000000373,000373,bearer 36a342eb-dd0e-4e09-8765-9d2d37467f13,
13000000374,000374,bearer 63727777-68df-4317-8537-0f43d3783ed1,
13000000375,000375,bearer a00e1831-9550-48ab-9292-9f7e02ab1c02,
13000000376,000376,bearer d200fd34-f0cf-443c-8e94-f9ff90bf3c42,
13000000377,000377,bearer ba0fb721-9171-44a1-863b-e992e5c0dd8f,
13000000378,000378,bearer ce3fb668-bd31-4a4e-83ef-fcfa7fc7695d,
13000000379,000379,bearer 2c23af0e-f75b-4c50-8b49-81ef22ab7295,
13000000380,000380,bearer 93805bfb-90a1-46e0-bfb1-af9a5296eac5,
13000000381,000381,bearer bb2865e5-34be-4749-8967-b3ffe6a23cce,
13000000382,000382,bearer 13fe7b82-5006-4a81-91cb-cb8a4c2a2851,
13000000383,000383,bearer f96f8f8a-8468-4f49-9334-9bb8f0b07bc3,
13000000385,000385,bearer 1731084e-df92-4177-b059-c63a4cf72abd,
13000000384,000384,bearer 74adf514-13c5-4dde-95e7-2647d9a88f58,
13000000387,000387,bearer 4fb5efc2-c967-48e0-a607-c969a2a68742,
13000000386,000386,bearer e854a389-25fd-44eb-8eac-87a8745d9327,
13000000388,000388,bearer 5b4b4018-d30c-4fc4-850f-392aa185c8b6,
13000000389,000389,bearer a57a290e-03ae-4228-830e-43f5c207f102,
13000000390,000390,bearer 938a4166-7db7-4501-a8a5-100f5a4ac6b6,
13000000391,000391,bearer 3e2af218-7d04-4d6f-9456-1aa0d79136cf,
13000000392,000392,bearer 64907069-438b-43a2-aca8-92705ef89066,
13000000393,000393,bearer 316eccd5-d027-4411-8424-e5381e560465,
13000000394,000394,bearer 27c09302-62a0-4e2b-a226-ab0a6f6aa362,
13000000395,000395,bearer 109a8495-2746-4a33-aa66-8ccdbf1a519e,
13000000397,000397,bearer 85ebed75-99f2-4fc4-98ea-55fdf48d0aef,
13000000396,000396,bearer 3b4db0af-68f5-4f4a-b7e1-30f736c4b7bb,
13000000398,000398,bearer 6a95d403-3477-4f35-a5bf-1472d9ad6804,
13000000399,000399,bearer f5bb64ac-1251-40a6-ba73-0bd78fae66b9,
13000000401,000401,bearer 325ce024-4bab-4149-b6b0-16a27eb9998c,
13000000400,000400,bearer b36e60ae-f014-4db2-8cbe-4bec61b4feae,
13000000402,000402,bearer bbd3ac24-1c8a-4003-beaf-402572a84aca,
13000000403,000403,bearer f350361d-83da-4746-9198-10dc830f7015,
13000000404,000404,bearer a5611e89-3574-4d38-9605-a094def2f182,
13000000405,000405,bearer 0c972075-7cbd-453a-a1bf-63cd0d78c3f2,
13000000407,000407,bearer b5b52f15-ca8d-48dc-aea1-78219e062624,
13000000406,000406,bearer 15f86757-49df-4e30-a849-2a7680fbcfe4,
13000000408,000408,bearer bcbee765-a12b-4d1a-a2f1-276b56585303,
13000000409,000409,bearer c7dc851b-8cd6-409d-942c-24ec904577ac,
13000000410,000410,bearer d20ecf8a-f1fe-471c-9cc2-3b7453fa066c,
13000000411,000411,bearer 2c2ca74d-7c97-4354-a7af-a670c8fbb5fa,
13000000412,000412,bearer 622caaf2-281a-422a-81c1-5ebd14d39cae,
13000000413,000413,bearer 0dd2abf5-27df-4aaf-ac3d-f9a256e83ac4,
13000000414,000414,bearer 84867076-dc84-4b0a-a5f8-7fcbf7e4a469,
13000000415,000415,bearer b9f5e130-9291-457b-b8c9-6914183d450e,
13000000416,000416,bearer 49bff141-d8c5-4574-9026-3fdf9297ac2c,
13000000417,000417,bearer 253cbb52-a539-4c64-99cf-d9b117af4686,
13000000418,000418,bearer 7ddb6502-4b6c-472f-aef4-00f3b8b67d6b,
13000000419,000419,bearer 42298beb-ea56-464c-ab16-ecc100558edf,
13000000420,000420,bearer 00c036d7-4758-4ada-833a-629fe059f0f6,
13000000421,000421,bearer 0fe8b7f8-ffd1-4ca8-ba70-1057b118a17d,
13000000422,000422,bearer abffd044-5e09-4ebb-b27c-d21b45d07158,
13000000423,000423,bearer 3e585b1e-71ac-4058-b0cd-9a537e480713,
13000000424,000424,bearer 4f3c7e49-a83c-4dd4-bfe3-7a0f0fe0b90d,
13000000425,000425,bearer b16617f7-4758-405e-8c1c-08f8ad79c43e,
13000000426,000426,bearer 506a3836-3ab4-4307-a1de-2bde6beda555,
13000000427,000427,bearer 108a12dc-d7f7-493a-9c00-ad5c504f28d8,
13000000428,000428,bearer 88c0e4b2-62ee-40b4-9fa5-8c5ec36b70af,
13000000429,000429,bearer 0595cd43-7485-4f36-811f-d34dad19fd1e,
13000000430,000430,bearer 20f11820-03a9-4aa7-bcf4-163286832177,
13000000431,000431,bearer dbcadee7-71d9-4be6-b73b-c05ee19fa2ff,
13000000432,000432,bearer 3f086cda-8080-4298-a8b3-2e77d29ed551,
13000000433,000433,bearer 53f76cea-f318-4959-aab4-9e754b5d9b61,
13000000434,000434,bearer 6955ff1f-9282-483e-b5e3-f9434fffcba9,
13000000435,000435,bearer 03eb2806-6b18-4d94-9d0a-87ba34eb9f46,
13000000436,000436,bearer 98476043-aa54-4512-bcab-c641cac1e13c,
13000000437,000437,bearer 99b89988-2983-4760-8b28-4271307a14e9,
13000000439,000439,bearer 1b769f1f-f413-4eeb-9137-49a6352a2bc8,
13000000438,000438,bearer 1836e27a-28ac-42f8-9167-ca18fb6cb90c,
13000000440,000440,bearer 7804c88b-96bc-4232-b10d-225a960f0ea8,
13000000441,000441,bearer 751c1d40-84bf-4582-a298-8f96ddb37264,
13000000442,000442,bearer b319ccc1-396d-4027-9b85-0f0ab968331b,
13000000443,000443,bearer ae4ac4aa-6088-42fc-b317-279d463df608,
13000000444,000444,bearer c52e84f8-3be7-44de-89c4-cb2de7ec92db,
13000000445,000445,bearer c7826d58-6f93-4112-9a3f-a1e9b0b350b9,
13000000446,000446,bearer 9ab54d5e-5499-4ba3-a62c-ea6526825cac,
13000000447,000447,bearer 95dc9632-b2eb-4f77-a4ef-c3638983a275,
13000000448,000448,bearer f268ed72-538c-450a-80cf-d85f32892234,
13000000449,000449,bearer 907a22c4-b985-45f6-98ba-fdf96650fa3b,
13000000450,000450,bearer fdef979a-6a08-4265-9d28-0f2662b7590d,
13000000451,000451,bearer 6af78633-9f73-4689-8564-20cb1324eede,
13000000452,000452,bearer 92763f82-6af5-4e0f-a50e-c30a6bdd5ad1,
13000000453,000453,bearer 72a11c06-bf88-4f55-a168-ff229d18b789,
13000000455,000455,bearer 76b3ce30-6429-4e7a-8fb7-5a9789d3194b,
13000000454,000454,bearer 98ebdbe7-1349-47b4-bc7b-c0b3bca6b1f9,
13000000456,000456,bearer 2e4bc7b2-bdf5-41bf-a61c-e54267712fa6,
13000000457,000457,bearer 073107f7-6594-4575-9168-a1867b6ceac9,
13000000459,000459,bearer abc07291-a972-4a62-93a1-2693380dc95a,
13000000458,000458,bearer c63b95f1-6e0b-48cc-8798-48ae8cc7f791,
13000000461,000461,bearer b87947dd-2c26-44f5-92e0-ad589a326c4b,
13000000460,000460,bearer 480f49d4-4b67-4f95-adad-39714af26ec8,
13000000462,000462,bearer a8d73729-2a78-4452-8a9f-27a8474ef267,
13000000463,000463,bearer ffa2e04a-f6d4-4937-83b5-b875e2acde3d,
13000000464,000464,bearer 15e03aec-f25e-4dcf-94df-f80da02cb635,
13000000465,000465,bearer bba8284f-2b69-4b59-a221-d253d42358c1,
13000000466,000466,bearer b7841538-137a-4d70-a8ef-dacea86bad24,
13000000467,000467,bearer 1b1b8c36-96ee-4a2d-b508-335351b17a94,
13000000468,000468,bearer 83618bef-07af-4246-b6fc-9bf7772b3449,
13000000469,000469,bearer a689c4b2-d10c-45d1-aa44-99934ae435ef,
13000000471,000471,bearer 2014e9e8-1046-4a34-a3df-4e0d220d89ed,
13000000470,000470,bearer fe400311-ba90-4678-b1d1-289ea3be0d6c,
13000000472,000472,bearer 66866f97-6927-4e58-bf47-d08275531eee,
13000000473,000473,bearer 7e4348ae-4d62-4968-b4d2-7b1380c521ab,
13000000475,000475,bearer 4cd96512-dd0e-4d38-88ee-02b331b4bcae,
13000000474,000474,bearer 26d35d42-f68c-40bc-87bf-54c93a3f361f,
13000000476,000476,bearer b65f186d-aed5-4c17-8433-7ce22256fe6b,
13000000477,000477,bearer 32f425b8-fb3f-41c4-adf9-eaedfaedf0db,
13000000478,000478,bearer bb57e626-b025-4098-9719-ee2079508078,
13000000479,000479,bearer b95fdf1a-930f-40b7-bb04-bba8525f155e,
13000000480,000480,bearer 683c3de1-f743-4065-b5d1-1c6e99b7057f,
13000000481,000481,bearer 6aa098b9-9f36-4c96-af20-36eee731699a,
13000000482,000482,bearer 2e531fe8-2823-4464-95b0-9e3c5de91a86,
13000000483,000483,bearer 667db945-e7ce-4b86-8592-21f32dee7b58,
13000000484,000484,bearer 96dd8e86-b54a-4437-92bc-bbac37e0f553,
13000000485,000485,bearer c6da77db-af85-424f-91cc-6e5f9ac029ab,
13000000486,000486,bearer b8685217-1b44-4539-8eb4-44bb929cb52d,
13000000487,000487,bearer 7404509e-ef3b-46d9-bb4c-673aaa04791f,
13000000489,000489,bearer bda4b0fb-8b3e-4722-9a28-a35d142ed43d,
13000000488,000488,bearer 024e2e2f-2861-49f2-b2d6-f69154844343,
13000000490,000490,bearer 8f8fc12e-3306-4be7-b7b5-f8549403b03c,
13000000491,000491,bearer c94251b1-5c99-417e-bd6d-d7e9e172e7c6,
13000000492,000492,bearer 4c593920-3573-4337-ac93-66cc128b1f5b,
13000000493,000493,bearer 68a160bb-8582-4558-a1f6-9024969aa235,
13000000495,000495,bearer 383905b5-6c16-47d9-9fdc-43c8dc6891ac,
13000000494,000494,bearer c238c2e2-818e-434e-8941-af7073777a89,
13000000496,000496,bearer dde88269-2387-4b47-93c1-4f88f4680721,
13000000497,000497,bearer a2526b12-6f70-45a9-9326-fec2bfcfcf34,
13000000498,000498,bearer a2d3cd6d-71b3-4be1-914f-91a600293ec8,
13000000499,000499,bearer 903b9144-d27b-4bfc-ba92-d37bd47702b5,
13000000500,000500,bearer 48380bc2-1fab-4476-8410-7279f83bdbe3,
13000000501,000501,bearer 8b0e81f9-4ca0-42ca-8d7e-4ff0ede23c07,
13000000502,000502,bearer 60a19947-e435-4e06-8525-51b5fe261651,
13000000503,000503,bearer e37e5900-8d4f-438c-9a3f-dc4641224225,
13000000504,000504,bearer 5c299914-5cfe-4d78-bc17-d511416666d4,
13000000505,000505,bearer eb42de79-29f7-462e-827a-2c89cd6b2efd,
13000000506,000506,bearer e5bb9d38-2c77-471d-9f78-8593115c2d5b,
13000000507,000507,bearer 209b03a9-97e5-4c49-a410-9aaad430fe45,
13000000508,000508,bearer 0ee10194-c881-45c8-bbf1-08a859b57d1a,
13000000509,000509,bearer 46861ecc-641f-4f29-aad7-ede600d138a8,
13000000510,000510,bearer 3d5b283f-d26e-4b8d-aadd-5901a0f4d73c,
13000000511,000511,bearer 4bc0be4d-a5d1-4f69-9cad-33132ea41b1f,
13000000512,000512,bearer 10831ecf-3c0b-497e-937d-1e35ec7947dd,
13000000513,000513,bearer d029e00d-246b-4d43-8f61-199c4f2fd1d2,
13000000514,000514,bearer 122d9aaf-2661-4244-a151-4ad2bab2aa90,
13000000515,000515,bearer 7f5218df-a927-4708-ac62-8c3e3dcbe071,
13000000516,000516,bearer 276b778d-80d4-419f-a9ec-ffffa3a2a14a,
13000000517,000517,bearer 1960517c-ba49-42db-8574-81b30b0794e1,
13000000519,000519,bearer 37bc6d80-2588-4b09-b391-46a9be54fd40,
13000000518,000518,bearer dca80954-c73f-491d-a1f5-4bf7744ce1d7,
13000000520,000520,bearer 7c59218a-93f0-432e-8539-22ba0ceb63a6,
13000000521,000521,bearer e76b50b5-0e5f-4fe3-acba-6f396ed60308,
13000000523,000523,bearer b869a328-c9ab-453d-a21b-b144efb019c6,
13000000522,000522,bearer 716ae19b-a448-4942-bdf7-d1583327c367,
13000000524,000524,bearer 230cf507-a52d-49e9-8f8a-04871c290c5f,
13000000525,000525,bearer 9809b82a-0090-40fa-bbf8-2ca9abae0383,
13000000527,000527,bearer e4336656-a3f0-46b6-b1dc-3bfe6382e1f4,
13000000526,000526,bearer 9bb038f5-6864-49cd-a425-90d72b092e68,
13000000528,000528,bearer 1fd7e5ee-851a-4811-933d-4e4855c8e7d5,
13000000529,000529,bearer 4c726d52-eb0e-4a3d-8401-b9a99109f574,
13000000530,000530,bearer 13c771d7-0e75-4799-9da4-a24c0b0db1d5,
13000000531,000531,bearer a29a5dac-9741-45c2-9d4d-776366dff505,
13000000532,000532,bearer c7c20081-b1ca-43bc-bcb5-5b636a38648c,
13000000533,000533,bearer 647c8e0d-0fef-4464-8e9d-14ae9a59bde9,
13000000534,000534,bearer 66149fd0-4bc0-4d14-90eb-25aac829829b,
13000000536,000536,bearer 12c903cc-bd1c-4039-be26-376218ff7735,
13000000535,000535,bearer abe98192-f568-4964-a0df-c2f23ef2fb0f,
13000000537,000537,bearer ea7597d9-480f-4fbd-989d-d35b36d56d30,
13000000538,000538,bearer d9cd7889-993e-4c1a-947e-fd7bb47fa485,
13000000540,000540,bearer 3480f671-388b-4268-965c-a0d9449f4a5e,
13000000539,000539,bearer 4dbdacaf-bfd4-427b-aecb-5bf27cccecf7,
13000000541,000541,bearer 3a715840-c49f-439c-afd6-fa0918750a40,
13000000542,000542,bearer 934473c6-53f5-49ef-b897-2602f49264e2,
13000000543,000543,bearer b8b5d0b5-4b94-4892-bde8-ac917ae397d3,
13000000545,000545,bearer a6837da9-0762-477d-9fd0-f05b267bea60,
13000000544,000544,bearer 489fb054-bf91-4de5-a340-f73cb28245e3,
13000000546,000546,bearer e69134e9-aec5-444b-a007-d4a63767c0aa,
13000000547,000547,bearer 8a6d5915-2526-4aec-9d9c-52a546551e0d,
13000000548,000548,bearer c8db18c7-17ed-428d-a8c5-90ff662164a9,
13000000550,000550,bearer 1cc27b60-bf1b-44da-841b-35bbaaf298f4,
13000000549,000549,bearer 43c7e064-cb81-416d-a2af-cf7eb18f2887,
13000000551,000551,bearer 51a7b2a4-6887-43c2-a9f1-5d4e35a36057,
13000000553,000553,bearer 45cfc6a7-8577-49cb-a0f5-327c7d0f6cfc,
13000000552,000552,bearer 932068ab-eae0-4aa0-80eb-dd35540f8e13,
13000000555,000555,bearer bdac9f0e-6726-49fa-a53e-c35f10e070f9,
13000000556,000556,bearer 6c8ccb73-7aaa-44b0-bf79-d05301744623,
13000000554,000554,bearer 328eea89-ae11-4944-823a-3d5e6c156f47,
13000000557,000557,bearer 359e8106-dbef-4cce-bd9d-4c33db5a9a58,
13000000558,000558,bearer 31fca8f2-167b-4b63-99b4-abd7e0f88650,
13000000559,000559,bearer a22907e9-d533-4b92-b633-268c8f92c988,
13000000560,000560,bearer 26068ca7-4ea0-4b54-8abe-acea8e68f793,
13000000561,000561,bearer 9b959aa2-7718-4347-93e7-37e93716b54d,
13000000563,000563,bearer b142b569-27dd-472f-877d-750ad7cde434,
13000000562,000562,bearer 9b9fa1dc-e80f-41dd-82c5-11faa45ac55c,
13000000564,000564,bearer 782d65d4-e3d4-404a-a28d-44d35d8541df,
13000000566,000566,bearer e951863e-4a4a-43ec-84d3-33886917405e,
13000000565,000565,bearer b13b1538-7b7d-47f9-90c5-d4fa2970aee7,
13000000568,000568,bearer e05e284d-4a83-42a3-95af-bc9ddb11ef00,
13000000570,000570,bearer ed42e9d8-18ae-4013-aafe-df5f94266e64,
13000000569,000569,bearer 72cf43c4-8b2a-4e0c-9a9e-ccc9be25a2d1,
13000000571,000571,bearer 43bf5c5e-93ea-481c-811d-42ff2c197422,
13000000572,000572,bearer 0a3f940f-cb88-4a28-ace1-88795954eedf,
13000000573,000573,bearer c3ad3d7f-54e9-4dcb-962c-7ec63ed7b68a,
13000000575,000575,bearer 1e827793-df9c-41e5-8796-659f8616fb88,
13000000574,000574,bearer 370bbee8-96d8-427d-9c9d-47ab11e78562,
13000000576,000576,bearer 428dc73e-4814-45a4-a7fb-11f92300bf12,
13000000577,000577,bearer 9240e56a-440f-4b6e-8330-2e70304d297f,
13000000578,000578,bearer 79f1dbd2-252b-4662-86f4-6278145391a8,
13000000579,000579,bearer 17b40d23-ca97-4186-b47d-db00fb78f823,
13000000580,000580,bearer 5945b430-8314-4766-afde-b8d8dd7392f3,
13000000582,000582,bearer 1842cba2-2ce6-44b7-a415-048d78184275,
13000000581,000581,bearer 2d247c72-9598-4e79-af9f-529f7d5968b3,
13000000583,000583,bearer 0b3c34d1-dd09-4ddc-b4b7-77efef9deef0,
13000000584,000584,bearer a4078062-3521-4ab3-9c79-e9ec03d5e041,
13000000585,000585,bearer 1149b944-9264-40b2-a4bb-52abd3d6c45f,
13000000586,000586,bearer b272edc9-6813-4c43-a9f3-c0d1af6ef590,
13000000587,000587,bearer 4c2dfa9c-dbf1-4382-994f-8e3f6f6a820a,
13000000588,000588,bearer 808edd4a-c3af-4809-b2bb-8bd43eebc76b,
13000000589,000589,bearer c767545e-7c85-4e07-9f89-48d44da36ecd,
13000000590,000590,bearer 020d4abb-6dbf-43a3-8aaa-3145108a7d10,
13000000592,000592,bearer 469a76de-ddd2-4826-b5fb-419b56cf7327,
13000000591,000591,bearer e761d566-9d4b-4b7a-8ebd-936bd57f70b8,
13000000593,000593,bearer 26c3f59c-df6f-4b7f-a310-1de20bcfa118,
13000000594,000594,bearer a360be0f-f2ab-44e0-8f9c-b1dd883ccdae,
13000000595,000595,bearer 692e7b25-7872-4332-88d6-4bff4dd99999,
13000000597,000597,bearer bfb36e8e-1455-4bfe-9969-2d708d93dd6c,
13000000596,000596,bearer 184b9f30-7967-4c90-9eff-d351be03d6f4,
13000000598,000598,bearer 5ec915ad-4ca2-4b77-af3b-6547a20da789,
13000000600,000600,bearer 145ee873-ce2a-4354-9021-0df17d5986b1,
13000000599,000599,bearer a5796a37-3f1f-4435-a49f-665ea0a4b941,
13000000601,000601,bearer 53a0320c-5bf6-48b0-92ee-1c9ddb8a1496,
13000000602,000602,bearer e276470f-a8c9-40a7-9c44-c16753aca806,
13000000603,000603,bearer be904d27-ec53-4801-9eb6-a5385531891d,
13000000604,000604,bearer f9005e3d-403b-4001-81c6-2eb154f9f3cb,
13000000605,000605,bearer d8add455-201d-40b4-a556-373a475d8e72,
13000000606,000606,bearer e43f71cf-2daf-4100-b94e-85438008625f,
13000000607,000607,bearer d4df4b68-34a5-4ff1-9d13-5accf06fd139,
13000000608,000608,bearer bc69d79e-1cea-4beb-b1b6-37d5e0518883,
13000000609,000609,bearer 8872e5c5-95db-4a33-84cd-7cedfca365f5,
13000000611,000611,bearer 447c1572-7212-4592-b5f6-8e35a9717cb7,
13000000610,000610,bearer 3d5ce993-5c1c-464b-b88e-e023fee97cb9,
13000000612,000612,bearer 39f813ff-7532-4237-b938-21f38246ec4f,
13000000613,000613,bearer 9b567c19-44e1-4ea7-a63a-3887bf33067d,
13000000615,000615,bearer e62694d4-012e-4af2-8491-39454a0c9d3e,
13000000614,000614,bearer 292a0396-08fc-46ef-948b-308c38728d88,
13000000616,000616,bearer 3b6060d7-c936-4d63-a4ef-57950384205b,
13000000617,000617,bearer 3633d867-6bd8-4bc6-9430-9a5a47d2a81e,
13000000618,000618,bearer ac458295-7854-489e-8c57-432fc6ab1df4,
13000000620,000620,bearer ac5de346-0289-4758-abeb-ff531af9b5e2,
13000000619,000619,bearer a1851483-4bca-4f9c-b5f8-09b7bb582eeb,
13000000621,000621,bearer 3ed73ebc-c733-4a20-a93e-dc204d180097,
13000000622,000622,bearer 71a6ddd2-3ef0-4a8d-8e53-eeb68c0e10a9,
13000000624,000624,bearer 37172006-090d-4527-ad35-9e0c09f55cff,
13000000623,000623,bearer d65411d5-59f8-4d18-8a3f-1716f9f3fd09,
13000000625,000625,bearer 18399e46-a434-4f1b-878f-5833c35f05b5,
13000000626,000626,bearer 40a96093-04d6-4c79-9908-be8cb6aa9c09,
13000000628,000628,bearer cb82d173-4d18-405f-b683-833449e670ec,
13000000627,000627,bearer 1861e92e-9670-4665-b552-32f77b290a97,
13000000630,000630,bearer e6e56e2a-819c-4544-b3c9-55f98b436a1f,
13000000629,000629,bearer 6ae87683-dcba-4db8-85a9-89664c4a979d,
13000000631,000631,bearer bf6493ce-26cc-41fc-9f86-5d6ed123eec1,
13000000632,000632,bearer b364e0b4-6116-484c-b3a9-cb7d6c3039b1,
13000000633,000633,bearer 5e33360e-e852-497f-b8b3-e34935069374,
13000000634,000634,bearer 514302a8-99f9-4d63-aa4a-594112ac15fc,
13000000635,000635,bearer 415e7339-e86b-468d-9a60-c8c4ef75734f,
13000000636,000636,bearer 367a129e-613b-440e-a98d-06e75955f55e,
13000000638,000638,bearer 8267389a-81fc-42f7-b5dd-e420ac094140,
13000000639,000639,bearer 15bd63b4-41c8-4e5c-83d4-db28718c562f,
13000000637,000637,bearer 7918c2e6-08b1-4ae1-89db-ddee9f126608,
13000000640,000640,bearer 3ede62ac-5c2c-4dc0-93c3-1c890d5f08e1,
13000000641,000641,bearer adf51931-c278-4624-8f71-e28dd25e6023,
13000000642,000642,bearer bf02ffa0-f00a-4835-a3e5-638b894bd3a1,
13000000643,000643,bearer 0adb8f91-a69d-4ec5-9f80-cb15ece53579,
13000000644,000644,bearer c853a46a-30ba-41db-9308-c7f92e0f20c3,
13000000645,000645,bearer 1de9d922-2bc7-43da-8b96-6bdc5363165c,
13000000647,000647,bearer b076c7ce-500f-4c8a-ae12-cdc5b47e406a,
13000000646,000646,bearer 958851a5-d53b-4263-bcea-07789d94c6e9,
13000000648,000648,bearer bdc42c2b-9239-4a57-b173-eb67e72b2d40,
13000000649,000649,bearer 2870c01d-30bc-46c6-b1f0-de562b96f6eb,
13000000650,000650,bearer a3877c28-7d82-47af-9537-7ab6f944d06c,
13000000651,000651,bearer 44865661-8703-4add-ac63-734e16c230e0,
13000000652,000652,bearer a696c6f8-20db-408d-bfe9-f6fb82203c88,
13000000653,000653,bearer 9df0c18c-e638-4d1a-ace5-70698f0a4d05,
13000000654,000654,bearer 9b6e2734-e8c7-43ec-b3f9-260c349d0af4,
13000000655,000655,bearer dbea4850-c98a-466d-8cae-42dfbe105495,
13000000656,000656,bearer 27509170-2376-4762-8886-c642c1c9e620,
13000000657,000657,bearer 38cc56d1-5b17-4838-802b-3fb3b7067287,
13000000658,000658,bearer 6d4df8ae-3d84-4c24-aeea-fe32f1114821,
13000000660,000660,bearer 7b12465c-c0e3-48f9-9ec8-4660d88d93f3,
13000000659,000659,bearer c8dbfca2-19e1-4c41-9773-b1359d89b032,
13000000661,000661,bearer f28541c0-7f5b-4708-bd0e-362192edd622,
13000000662,000662,bearer 1a094b5c-edab-4477-a7a5-400ccf885fd3,
13000000663,000663,bearer ae75c8b5-69b1-4e87-9940-f659b8870340,
13000000664,000664,bearer 427b3cef-4ec8-4c47-8464-35cecaf8be27,
13000000665,000665,bearer c322404a-e3ca-4e02-a1bb-45fedfc27fd3,
13000000666,000666,bearer 7c1980c6-0b2b-4c77-8203-c31c61e4e620,
13000000667,000667,bearer 4833cbbd-a4fe-46f2-8a73-f382a09f7c57,
13000000669,000669,bearer 77cdfbda-bf47-4a0a-86e9-7bd403818826,
13000000668,000668,bearer 0f41db11-bf00-4b42-a875-afd30d9156b9,
13000000670,000670,bearer bf3c4c47-791c-44ee-bf53-17d951dc1e18,
13000000671,000671,bearer 26f9cee2-fc69-4ee6-81b6-54b39f886813,
13000000672,000672,bearer 0f14c9fd-48eb-4e98-a0fc-d69ae0e099b6,
13000000673,000673,bearer fee90be8-2075-4333-84ad-8c1f82d7c9a3,
13000000674,000674,bearer 0a33be95-4017-4636-828e-762ad837dffe,
13000000675,000675,bearer 55c2a147-2f70-4cb7-99f2-8dbc76a9c651,
13000000676,000676,bearer d318f8b1-a86e-466f-bd30-f7e08fbdb10f,
13000000677,000677,bearer 16095f35-06d6-4154-b5bf-38a964be388c,
13000000679,000679,bearer c9b9db00-77e4-4f1a-b626-6263e72f5dcd,
13000000678,000678,bearer e3e759e3-a5fc-4f29-a6e0-d7da449aea34,
13000000680,000680,bearer f04fa25f-9b98-4756-9596-a80646ec194d,
13000000681,000681,bearer 933f38e9-a62a-4d37-b352-6bd5a222fa82,
13000000682,000682,bearer ed5cfe5f-5b2c-424e-ac8b-4c17d94845dd,
13000000683,000683,bearer de6e8d39-0685-4e09-ae76-aa41044c366c,
13000000685,000685,bearer 88fd0125-7638-4a7b-a04d-6e13c8e4d8c0,
13000000684,000684,bearer e5325e84-3384-4a9a-abc2-3875984ab5da,
13000000686,000686,bearer f73b4c56-8b77-43d0-aab7-cd88d2731725,
13000000687,000687,bearer 6ecb911f-3e07-475c-9ddb-b38ef365a0f4,
13000000688,000688,bearer 263a2586-1ed0-4812-b41d-6d203c8ba8ea,
13000000689,000689,bearer 1afa2294-bdb6-4d60-aeb0-0890abf08563,
13000000690,000690,bearer 385d01ba-3715-4a61-a534-ff7fca8dd8a7,
13000000691,000691,bearer 0583fea4-81b0-4622-9658-edfcc3129ed3,
13000000692,000692,bearer edf9d86c-e785-4a89-a92f-faeb1e81b7ae,
13000000693,000693,bearer fc48efa0-2557-4a37-9b52-da8c4a16baf8,
13000000694,000694,bearer a3c84fa2-a583-480a-a581-4c7c962e1590,
13000000697,000697,bearer aa1614d5-a171-4ecd-81a3-48e7644b5978,
13000000696,000696,bearer d507926f-2820-4d90-a2c3-79ced295b763,
13000000695,000695,bearer 1f425fae-0298-4779-9938-bfc86647efd8,
13000000699,000699,bearer 15d7845e-afd6-4c16-b740-c3d7eb84f48f,
13000000698,000698,bearer 85b2d052-0155-4a84-95a2-e2ab74bb8aba,
13000000700,000700,bearer 3da4c02e-9ed5-4af6-8fca-e3d3b8ca6caa,
13000000701,000701,bearer 9d2ee6d1-ad90-423c-b3a1-f51b0932ded6,
13000000702,000702,bearer e60c4180-dd56-457c-8b0c-3cfa3458c286,
13000000703,000703,bearer e0ca87a9-ab1b-48bf-a50d-a4fa2ddbdcbe,
13000000704,000704,bearer ba78ee39-5feb-41e7-8f31-ab51702ace5e,
13000000705,000705,bearer 61d65014-cbc1-4531-ae49-d43f92fd9bfb,
13000000706,000706,bearer dc94b733-39c6-455f-8c13-86cd7badcdf6,
13000000707,000707,bearer ef511a40-a6f3-4980-9fb0-5d67477638b3,
13000000708,000708,bearer 99a98e58-66fd-49ae-9c10-f7a2e4c59c1e,
13000000567,000567,bearer 83731753-5b17-4acd-9e15-2d6d1f0c7fc3,
13000000709,000709,bearer a3963d6a-4f7e-4cde-9ca8-616565cff7d6,
13000000710,000710,bearer 14775d5d-b072-40b1-930c-543b722afa96,
13000000711,000711,bearer 07ddb44b-6e7c-47fa-9f37-eb2dc247893e,
13000000712,000712,bearer a3829aae-2027-43f3-9ee3-9319396eaf3f,
13000000714,000714,bearer 8b940114-9fa3-4c4a-aa3a-17efb040d5cf,
13000000713,000713,bearer 351f2196-7833-494d-9d07-5bfa02217bef,
13000000715,000715,bearer 208ce1ea-0a28-41bf-8973-e0a04bf5b0b8,
13000000716,000716,bearer 58cbe5ca-d5ca-4f66-9fc0-28bcdeebac9b,
13000000717,000717,bearer c8be2ba9-30a9-4ab3-bc06-440bd0dad22a,
13000000718,000718,bearer bab3e6a4-a9a5-4252-94b8-9921d7cabec3,
13000000719,000719,bearer d2f17c1d-4a1e-4bfe-b642-391b8b06b301,
13000000720,000720,bearer ef42d477-66a4-44fc-a36a-1b913f700fc6,
13000000721,000721,bearer 2f23f03d-0d91-410b-81bc-5d951bffb416,
13000000722,000722,bearer b5211005-800d-4f13-860d-f309aad1f777,
13000000723,000723,bearer d9ea0060-f3b3-403e-b4ed-006c5ced7d69,
13000000724,000724,bearer fa4a5fea-2206-4f22-88ea-88dc0c70e1cf,
13000000725,000725,bearer 41585451-de78-416d-b83d-472feb32fd5e,
13000000726,000726,bearer 0b238da5-6f4a-4280-8668-c2ec5a10d2a0,
13000000727,000727,bearer be5af249-abec-4bb9-9423-a9f231680c52,
13000000729,000729,bearer 97719b66-3e80-451c-8989-f68b4fe8e09f,
13000000728,000728,bearer e207363e-70f3-42f1-acdf-cf44f6e822f2,
13000000730,000730,bearer 25f1f68f-7d94-40a4-97c6-3aaf4e96390f,
13000000731,000731,bearer 94139f2a-675f-4d74-93c2-e24db8b3cf5f,
13000000732,000732,bearer 7020ab00-d2c6-48fc-9daf-7d2c3654b10c,
13000000733,000733,bearer 81b2029c-2b71-4640-b27d-eb80b8e166d4,
13000000734,000734,bearer c701415d-3193-4c36-8410-ed8af8174924,
13000000735,000735,bearer 9801a1e9-32a8-42ba-b141-caa7dcb56aba,
13000000736,000736,bearer 09d1be18-0454-4f27-afff-0922a01b3d98,
13000000739,000739,bearer 478d6a24-d4d2-4fe4-8ebc-8f0e1e58653e,
13000000737,000737,bearer de87d1c7-3fec-47fb-ba92-b7f473159d01,
13000000738,000738,bearer 4023ad70-4c8c-4c5b-8a89-e4966e0b802e,
13000000740,000740,bearer 4d3b6490-0bf6-4f3b-8d75-192e225db4f5,
13000000741,000741,bearer c57978d6-3680-4df8-bc28-1c2721fa03e9,
13000000742,000742,bearer c7760f73-3879-42e8-9262-a90b0b82bbb9,
13000000743,000743,bearer 4064dab6-40f4-4d5f-919f-f857550a6225,
13000000744,000744,bearer 85c4c69e-dea7-43e5-858a-c9e9410eac9b,
13000000745,000745,bearer 041d46e7-78b8-4f42-ae20-0f1b71362c99,
13000000747,000747,bearer 48af8ce5-8c99-4cd1-a7d7-e91f42f26060,
13000000749,000749,bearer 07c0eb80-d9fd-4b9d-a4d6-57e4c1f7fca4,
13000000746,000746,bearer ce100579-2d38-4528-8d79-922c79b76c90,
13000000748,000748,bearer 23121306-80bd-40a3-9d69-65d77ca98660,
13000000750,000750,bearer 5d2f21c0-4ac3-4b3b-8965-251c556f7de0,
13000000751,000751,bearer 3f35177c-1847-44cd-bf13-beb324605e04,
13000000752,000752,bearer c9c15bb4-8d4f-4587-843f-4e1af73d2c33,
13000000753,000753,bearer a1fa4093-099d-4d5f-a9ef-9c6d3e8a3134,
13000000754,000754,bearer d26514d9-ce40-41e6-8944-00c44bf02e5c,
13000000755,000755,bearer df1c7777-1b30-4af8-ab56-e60edeb83dc8,
13000000756,000756,bearer 4322104d-f104-469f-b0c8-9755ce58808e,
13000000757,000757,bearer dcd280b8-d24d-47b6-955b-36f42585f713,
13000000758,000758,bearer e598552a-1b34-4ee9-81e1-bc13e8e84124,
13000000759,000759,bearer 7d1b371e-94e2-45cc-953b-9d1e23b27617,
13000000760,000760,bearer 659fedca-d6cd-4c6c-843c-b8265def0af2,
13000000761,000761,bearer d7ed22cc-8efb-4e84-976b-9ba5a62fb219,
13000000762,000762,bearer e10b4402-68c8-4344-a061-a4e50f4aba6a,
13000000763,000763,bearer c4c27c6e-4e70-4b58-a526-9dc264b92520,
13000000764,000764,bearer 638441f8-5447-44ef-a263-adeff3c61d23,
13000000765,000765,bearer ffd01d8a-e886-47cc-9430-67e56df4ad40,
13000000766,000766,bearer a0f39627-d647-440e-889f-fe1c679d3019,
13000000767,000767,bearer b3a87f9c-6c82-4a2a-b8b0-8781741b5071,
13000000769,000769,bearer 0e0bdb6a-77bb-4d1b-bb3f-3b8785d61363,
13000000768,000768,bearer d60590ef-c37d-4204-b7cc-691e9a1bbdbc,
13000000770,000770,bearer 96d6c21b-69c1-47fc-becf-eb5df8412d74,
13000000771,000771,bearer ddb63780-707e-45f4-8dde-3a1db4911b61,
13000000772,000772,bearer 8cd835ea-c9fe-4cee-9752-b916d8536fd7,
13000000773,000773,bearer 36116e32-690c-41f6-9f0c-f6ea74accde5,
13000000774,000774,bearer 3852df34-0186-4a42-a272-089ce8e9dd40,
13000000775,000775,bearer d907c45a-1f29-4afe-aaf5-4bc6c50286e0,
13000000777,000777,bearer cc7a89dd-e22b-457d-b706-e66f71927f80,
13000000776,000776,bearer 2c654d7a-3b59-4893-a8e8-71c82a850a87,
13000000779,000779,bearer 7169d3b0-1249-433b-8f09-b43d7ddc05ee,
13000000778,000778,bearer 98dcd064-3c84-4307-9195-2dda1c25af9b,
13000000780,000780,bearer 9da6a298-85e2-43a0-981c-1a1d74c62a39,
13000000781,000781,bearer d7adc846-fc43-4a2e-975e-f96ed4bba1c2,
13000000782,000782,bearer 126d1a79-035b-4701-a8e0-24345aa279ad,
13000000783,000783,bearer ed3fe0cd-3800-4bc7-afc2-91d9ead483f4,
13000000784,000784,bearer ed2567c7-c0f3-4489-8199-7cac65638bba,
13000000785,000785,bearer 9079296c-c046-4251-8dda-2f29196df747,
13000000786,000786,bearer fa1b1fa1-6604-456f-8f99-8698eec6660a,
13000000787,000787,bearer b37fbe32-e6bb-465c-a0c0-6327cd4c6f78,
13000000788,000788,bearer d3d1caaa-0fb5-4324-b824-0475f34ab8a8,
13000000789,000789,bearer 31cfd000-b77e-4088-9618-c8866b763963,
13000000790,000790,bearer 73a60562-2289-4dd0-90c7-161fabdc45dd,
13000000791,000791,bearer 6f870d21-b464-419e-b32c-31a1998d5a30,
13000000792,000792,bearer 8c83e97a-0dcf-4d85-8212-189458c57672,
13000000793,000793,bearer 5f4268d8-add5-4256-a614-5f81af79f01e,
13000000794,000794,bearer eb4e7732-1d5e-496a-860c-d6306737d30a,
13000000795,000795,bearer ea939c5d-2012-401f-aded-08085640b218,
13000000797,000797,bearer f3404e1b-681e-46e8-8306-ebcdacb37ed1,
13000000796,000796,bearer 4d4f1912-ef5b-48d9-b971-0a954874351c,
13000000798,000798,bearer 7bd241ca-a31b-4eb1-984a-52620b2d3e42,
13000000799,000799,bearer 9c8a4166-47ea-4f4b-b14a-545783ca348b,
13000000800,000800,bearer 36212ab3-b2e7-4031-a38d-1d1d6ca43579,
13000000801,000801,bearer 5a15f73c-3f12-4b8e-95f9-00da46dfe123,
13000000802,000802,bearer e8945ae0-b8f1-43ab-9260-dc2356a67d03,
13000000803,000803,bearer 3cf09e8e-696b-4456-8323-1a4b4023ad22,
13000000804,000804,bearer 58eb83fb-8e76-4d75-bdf5-010feee196ef,
13000000805,000805,bearer 582ef1d8-f520-4416-9bb6-636e392884a2,
13000000807,000807,bearer e933956f-da2c-4502-80db-912f994c855a,
13000000806,000806,bearer 7da60879-53fd-4c36-ae38-c72b4b39cf73,
13000000809,000809,bearer 27c26208-a9d1-47c2-aeac-1ae8d0190889,
13000000808,000808,bearer 980440a7-0810-4303-abfe-7200e9ae17db,
13000000810,000810,bearer 75637c87-1323-45e1-a2e5-ebc2e729eab1,
13000000811,000811,bearer ae520ef2-fae0-4ffa-b539-85c0488bb18e,
13000000812,000812,bearer d8d1a2ba-30ab-4efb-8369-e96083add5e9,
13000000813,000813,bearer 0e8f3bee-c9fb-443c-803e-d23c8f4d29f4,
13000000814,000814,bearer 3f47e988-e929-4726-a12f-8b93497feac2,
13000000815,000815,bearer 8bc4b5f3-b57b-40c4-b95a-cdfbf6450179,
13000000816,000816,bearer d2fc6242-a560-463f-89e0-35676a1945bc,
13000000817,000817,bearer cc5c6b75-734a-4947-b370-76b1bf4824c2,
13000000819,000819,bearer 58425e86-100b-403a-8124-3de889698bc6,
13000000818,000818,bearer e5dac276-8407-406b-8665-14cfb8b815b0,
13000000820,000820,bearer 0a4125e5-f19c-4584-92b2-5eb334672cec,
13000000821,000821,bearer 821fdf56-14c1-459f-b855-7aa5cc7bda16,
13000000822,000822,bearer d573af23-0be2-4c26-abc9-67052fc1bd63,
13000000823,000823,bearer f3ec0106-6c2a-49bc-b5b6-d04f07892fa9,
13000000824,000824,bearer ff202819-7776-45d3-8d64-d559689f64b1,
13000000825,000825,bearer e28d8625-146b-4f23-a70b-404ba39b71ab,
13000000827,000827,bearer 73ac05fa-0499-478b-88e4-7bb7a6b73a52,
13000000826,000826,bearer 74ee9408-4e31-40d8-a7c5-68a3967535db,
13000000828,000828,bearer d9e581ef-7940-4a54-9c15-ed71888c1e6c,
13000000830,000830,bearer 9cf6e4ec-e879-4ba0-9875-8f247ed31de4,
13000000829,000829,bearer 3966e21d-6fab-4a52-b2fd-e9aef2c882f1,
13000000831,000831,bearer 42987ad4-a8d4-4b75-ad0d-6648b5aec986,
13000000833,000833,bearer 0cf6858a-5f49-493f-8b77-ab5f862d0c95,
13000000832,000832,bearer 2c911c17-3e21-436f-adcd-f6a53bf145d6,
13000000834,000834,bearer 2eb0fabf-c766-4028-9907-2e002a04577d,
13000000835,000835,bearer 43854c77-5382-4a68-ac4d-b92bc0195ec2,
13000000837,000837,bearer 822b8c9a-d653-4163-9438-2925dc1c6f5d,
13000000836,000836,bearer fb65fa34-dbb2-416f-876b-ab1f38fac0d8,
13000000838,000838,bearer c94851f5-007c-42ed-96b2-638c11abc568,
13000000840,000840,bearer 93e309e5-660f-4234-a5e2-4d60296c5d95,
13000000839,000839,bearer a58e268a-9339-4721-94af-ec2c8a484754,
13000000841,000841,bearer 9ba21d4a-b567-4261-b552-fe01a21c56ec,
13000000844,000844,bearer e9fdf166-581e-40e9-b89f-25033dd27d16,
13000000842,000842,bearer e776d66f-b2ab-4cd4-b6bc-b6d013487de5,
13000000843,000843,bearer 868282f5-f31c-4773-bf23-170801872a97,
13000000845,000845,bearer 5324cff6-8dba-481d-af1d-f49426edfbf0,
13000000846,000846,bearer 549c4c4f-7aa7-4506-b05b-ba16b9522b7c,
13000000847,000847,bearer f37f0f30-7ece-4746-ab7f-5a7a8020b857,
13000000849,000849,bearer 72c0c054-ece6-44ac-99f7-f3fa8377fe3f,
13000000848,000848,bearer 5044e797-b7d2-4c85-b10e-8e3d4c563fec,
13000000850,000850,bearer 9ee6dd87-fef3-4948-9768-d34c6919db39,
13000000851,000851,bearer c639cfe2-1078-4ed2-9134-c08048ef220a,
13000000852,000852,bearer c0289b7d-ac53-49cb-b280-a31100e70dd6,
13000000854,000854,bearer 354764ad-26f7-4341-8213-289af3c4263c,
13000000853,000853,bearer 82449a7c-8169-4b85-af36-f8b95c0191e8,
13000000855,000855,bearer 338b9d43-9cb9-46b0-a0eb-4b3573f5b951,
13000000856,000856,bearer 8d097725-fe81-469b-ae9c-f2f6e7343bc6,
13000000857,000857,bearer bad8a2c3-453a-4d9b-a697-6014dce3c06f,
13000000860,000860,bearer a3f44594-4b33-4a79-9e04-6f78f2e0690f,
13000000858,000858,bearer 83fbd257-f616-494e-9dc7-427d930cfff1,
13000000859,000859,bearer 6e22f001-063b-43e7-ba32-3f21349bdf2c,
13000000861,000861,bearer 32ef335b-2100-4926-9f11-8d1f931a4159,
13000000863,000863,bearer c38981f4-9839-42e8-9050-d24654170022,
13000000862,000862,bearer 2810f2bf-f8ac-45b5-a68b-36f59e3c79d5,
13000000864,000864,bearer b933efc0-121e-4c9c-93c6-8c85b9b60a04,
13000000865,000865,bearer c46a7450-df82-4692-9fb1-5723cfe3092d,
13000000866,000866,bearer ab212076-9f6b-4d72-aeeb-41ddc5100bea,
13000000867,000867,bearer d3fe33c0-4d0d-4c9f-b479-54f00f665842,
13000000868,000868,bearer 0866ef11-4374-4a65-bbe2-0f32c7ce363e,
13000000869,000869,bearer 5e78e0f9-61db-4092-b8c4-aa38ae42014a,
13000000870,000870,bearer 0ab85205-bc2c-4df7-b72d-6ae3ce3f9556,
13000000871,000871,bearer 6182cad9-804f-49dd-a1b4-c73d4fe0be79,
13000000873,000873,bearer 01e749be-f551-49e4-9cab-a59b785563b3,
13000000872,000872,bearer 5ed128ba-042a-48c1-9729-71cfef8dff43,
13000000874,000874,bearer 7b906efe-6241-4e3d-a80a-1fd5cb8c20cc,
13000000875,000875,bearer 90ad4301-d399-4f7a-97e2-107af75a298f,
13000000876,000876,bearer 86e624c9-b034-4426-9d23-29990918a79d,
13000000877,000877,bearer a922bc46-45ec-4234-833a-441a0da2e4e2,
13000000878,000878,bearer dbdd60a0-33f0-44f5-8cc1-6f6469da3438,
13000000880,000880,bearer d4c755a0-156f-4b41-9a63-5e224d76fc40,
13000000881,000881,bearer 8e2381d9-4e67-482b-a567-9895279536f7,
13000000879,000879,bearer a85f3941-e012-457e-8a6a-8afb507b593e,
13000000882,000882,bearer 7502b0b9-38a2-42bf-ad56-4e109fdd60b1,
13000000883,000883,bearer dba93c35-ea68-4ebf-ae32-803566ff02de,
13000000884,000884,bearer 67169041-e5a0-4774-ba3b-106ec45a103f,
13000000885,000885,bearer 7a05bf9f-0406-49c1-993e-63373f511883,
13000000886,000886,bearer 21b5f1f8-fc8a-4cf9-bae1-5e002f989f73,
13000000887,000887,bearer 55d3cc5e-dcb0-4b11-b88a-41a73c34e6ba,
13000000889,000889,bearer 3b373f1f-e7ab-483f-b04d-1dbfa7805640,
13000000888,000888,bearer 6998abae-4915-4971-8474-2ee379305c14,
13000000891,000891,bearer be9cedde-2f17-4730-b754-0d88fc4f4943,
13000000890,000890,bearer d06ebe9f-eb78-44cb-9515-f7528b175159,
13000000892,000892,bearer 3c0a1612-28a6-4409-8757-849d1b15ae5f,
13000000893,000893,bearer 0c0fcf44-a920-48bb-90d3-1b092b18a56d,
13000000894,000894,bearer e47d7df0-a796-4c88-804c-25d7c5c20a92,
13000000895,000895,bearer 74d7a270-f920-421b-80b2-b3e477240583,
13000000896,000896,bearer 72258736-1f91-4d70-bf5f-4e6c200c88a9,
13000000897,000897,bearer b80bcf3a-1bff-44fa-be11-728526faf3ed,
13000000898,000898,bearer 37eafd34-c0a3-4664-bb43-9fcab5b5e827,
13000000899,000899,bearer 62e68cda-f77d-4f4d-8702-d308df641011,
13000000900,000900,bearer 2e4e40b3-eef2-4659-9fb5-2c76fa6d17ee,
13000000901,000901,bearer abf55dd9-1c8e-48b6-b176-661793f8c2e5,
13000000902,000902,bearer 0e497848-c0d5-418d-9b1a-b69c8c507973,
13000000903,000903,bearer 4b6929b5-d254-4e30-9c95-cddc50a5527d,
13000000904,000904,bearer 8491b642-d074-4ecb-9b7a-55678c946a69,
13000000905,000905,bearer d4f28f16-3b39-4405-947a-c54a8b96641e,
13000000906,000906,bearer 88b1f2c7-8658-4ef3-9b97-d5323c198188,
13000000907,000907,bearer ac9b22d9-4b62-4cd7-aec9-f7d17e21b1c3,
13000000908,000908,bearer 79a6ba2d-e197-47d6-9901-4214a494b942,
13000000909,000909,bearer 6ae0f108-71fa-4035-b4b8-27748a043180,
13000000910,000910,bearer c8411a73-3c93-4370-a6d4-b5a501ebafb3,
13000000911,000911,bearer 78e7f1bf-7db4-438a-bf96-f69d47284af9,
13000000912,000912,bearer 01cc2dac-edb6-42db-bc20-e8db3754cc62,
13000000913,000913,bearer 0be0b371-8333-4ed7-be59-f35313b3f939,
13000000914,000914,bearer 75652444-9594-4dc3-9851-23b72d4ec9a3,
13000000915,000915,bearer f6f92ca9-0f4c-401e-9b4c-e374331843be,
13000000916,000916,bearer a2b2bb77-e39c-4120-b6a6-96e78facb9c6,
13000000917,000917,bearer 2ea35d04-23e0-4bec-9d7a-1b8d11c52f2e,
13000000918,000918,bearer 4445d0ec-880c-47bf-9eee-c7fe5c7aeaf2,
13000000920,000920,bearer 8182b3ad-f20f-4433-be71-76d704ec0b34,
13000000919,000919,bearer 42598292-6e7f-47f1-bf6a-0700792a11e1,
13000000921,000921,bearer 05c448d3-a870-42af-91c6-925d898580a4,
13000000922,000922,bearer 702094f8-19c7-45b5-b2c3-267feb31fec9,
13000000923,000923,bearer a30626b0-6361-4a49-9fd7-aeb8ccb81f5d,
13000000924,000924,bearer 4e5c2381-399e-493f-bc7e-195551a350b7,
13000000925,000925,bearer 4311147e-ff15-44a7-a795-97c6e9523dcd,
13000000926,000926,bearer fa3982b9-627a-4856-939f-e81f810460f8,
13000000927,000927,bearer 1c853ce7-9f2e-4239-b6ee-2003eb162e72,
13000000928,000928,bearer 11ebaf9f-3326-4a25-a34e-bc773e29930c,
13000000930,000930,bearer fd96a295-97c0-48fc-89b8-63ba0c324048,
13000000929,000929,bearer a4ef0e0b-c10d-44b8-ac2d-8bdb5984106f,
13000000931,000931,bearer fe1da746-44bc-47fc-aa2a-b2dca0c03d03,
13000000932,000932,bearer 5655c51b-0629-44be-9807-9686abdfafe2,
13000000933,000933,bearer ed207bd5-26e4-4f32-a3af-60bbb388e1e6,
13000000934,000934,bearer 0d814b55-2838-4956-bf54-30c7ce615343,
13000000935,000935,bearer 6ab49c1f-7b12-4814-a059-2cef33ca73f7,
13000000936,000936,bearer 1ee83bda-7d98-4481-8ad3-3de520395630,
13000000938,000938,bearer b5c9119f-a471-45af-9471-5de1e6c167b5,
13000000937,000937,bearer 4aaec837-fa69-4dc9-871f-813ca12bbf3d,
13000000940,000940,bearer 81180de0-9df4-44d4-a647-5235cec0f4a0,
13000000939,000939,bearer 8a37140a-066d-4c4d-8b75-12d66c2db625,
13000000941,000941,bearer 4a9237d0-2bba-4116-9ce6-5aba0ece6048,
13000000942,000942,bearer c8d8736c-8977-48df-8fab-5ee51e12deed,
13000000943,000943,bearer f70d3b87-bd78-4aed-b568-734f6bd04c7e,
13000000944,000944,bearer 192aca01-d159-4ae7-9d89-4ce6b0e8dfc8,
13000000945,000945,bearer 2f131c8c-0e37-4d89-9f61-805b91b362af,
13000000946,000946,bearer a10257f9-3520-4199-b992-26fe3ec48d83,
13000000947,000947,bearer 2092a0fd-44e9-4006-b7a7-7a2afa21766d,
13000000950,000950,bearer 3473d243-f5fa-4ae3-a5b9-da1f216c7475,
13000000948,000948,bearer 9a3b8c83-4f28-464a-9b4a-0c17b641c559,
13000000949,000949,bearer e41cc33e-1549-4e3b-b740-9ca4247f1d62,
13000000951,000951,bearer 921285e8-772d-4702-a7d2-e95b156ae13b,
13000000952,000952,bearer cec549a6-1752-4ec4-8b0f-842101328aa9,
13000000953,000953,bearer baf68b48-5265-49e8-8b85-8bd2c5948a2c,
13000000954,000954,bearer ae20a024-4bfa-4be0-ab55-b54839b77734,
13000000955,000955,bearer 2fbb6c66-fe4c-4a13-a3f8-9ca4ae9b70e6,
13000000956,000956,bearer 2b759447-a802-49f3-baca-6a458824be76,
13000000957,000957,bearer eb9dfe60-e5e5-4a7a-8e06-4fbf62df1af8,
13000000958,000958,bearer 1a874098-83e8-4ca9-9931-16d19049466d,
13000000959,000959,bearer 1e5a5422-aebf-4279-a171-84f80fdf41cc,
13000000960,000960,bearer 4df66bf0-e5f4-4eae-add5-76dcb6d21c47,
13000000962,000962,bearer b50c9e2c-c46b-4987-9a4f-b1d0e27b2c9b,
13000000961,000961,bearer 4842c4dc-55da-40fe-a116-d5483c4c3e1e,
13000000963,000963,bearer c2e0bb60-ae80-45f7-8077-eded61c7eb78,
13000000964,000964,bearer ae1d2344-b5bb-49a3-a1d6-82b2a635284a,
13000000965,000965,bearer f5a116a3-01fc-4779-865d-04d2f9da845c,
13000000966,000966,bearer e34849a3-71da-4dc8-822d-05cde54c38f1,
13000000967,000967,bearer 200b4a31-ebeb-4bfa-a44d-c72390fd8c40,
13000000968,000968,bearer 11ca2023-7b93-4c24-963b-1e0c38284354,
13000000969,000969,bearer 2b65ffc6-e1cc-4775-85b4-c9f54f844d2f,
13000000970,000970,bearer 58d65140-f4f2-4483-9b65-6f5f1ebabfac,
13000000971,000971,bearer ea8f3fd8-b7eb-4c66-b9cf-18d12f275257,
13000000972,000972,bearer cb0034a6-022f-46cd-a218-87660fce0f70,
13000000973,000973,bearer 614d9987-848b-441c-b042-bbfca3c09166,
13000000974,000974,bearer 90aee10b-af42-4173-b9a4-861a4668d2ee,
13000000975,000975,bearer d7a9425a-315f-4df8-a2b7-b1ce2113d86c,
13000000976,000976,bearer e7857153-82d3-444b-8d91-4af75bd906cd,
13000000977,000977,bearer 4e787818-9805-4f81-82cd-d5a53dbb4964,
13000000978,000978,bearer 5f22e8ce-71ca-4346-82cd-a89cad8126ee,
13000000979,000979,bearer e33dcd10-2448-4ca1-9c61-2f027be61ce6,
13000000980,000980,bearer 001e8d3d-4533-43de-b0d7-8903d7ea119c,
13000000982,000982,bearer e9a36f10-f159-4b82-a3e1-4e32dc49401e,
13000000981,000981,bearer d541d71e-813a-4086-a296-7257e2e375c7,
13000000984,000984,bearer cfb7a3aa-5067-45b3-a671-044d9b8dcf5e,
13000000983,000983,bearer 3aca38c9-1691-4413-8fc4-a3956216fa6f,
13000000985,000985,bearer c986bba0-ed4e-4f2b-8613-5356b9997e76,
13000000986,000986,bearer 3cc6e189-c9fb-4a3f-b9bb-cab0bd550a9d,
13000000987,000987,bearer 90b7fe0f-b3e9-4f06-ac58-c7d8ac9d2e6f,
13000000988,000988,bearer 23c9757d-fdf9-47a1-8012-5d5b701b6a8a,
13000000990,000990,bearer 5cdbbe6a-efe0-4a90-a116-79d32307eb67,
13000000989,000989,bearer fe165a3b-ab61-4fc7-ae1d-d5feb5c8e2d0,
13000000991,000991,bearer 92b06a93-f436-4087-8a96-7f27dc3b7ddc,
13000000992,000992,bearer bafeaa9e-1892-4de4-a346-2fec3a3aae67,
13000000993,000993,bearer ebddcb7d-8c9d-49da-9b21-6838cc135771,
13000000994,000994,bearer 39a728da-06b7-4c2e-8a48-b983c0a5150b,
13000000995,000995,bearer f0f36e11-ea4d-4e6c-b452-536a1a997d79,
13000000996,000996,bearer 4d1f537d-fc32-4010-b29f-6ca33ea26d6c,
13000000997,000997,bearer bb009f05-337d-43d7-b1bd-55374dc38df2,
13000000998,000998,bearer 414ccf7e-614d-40a4-8050-248698f6871c,
13000000999,000999,bearer 060dc5fb-3416-4dc7-84f2-9999aa828185,
13000001000,001000,bearer 13a2f5ed-5c36-4043-b261-d40a0e9bc0d7,
